-- Adminer 4.8.1 MySQL 5.7.33 dump

SET NAMES utf8;
SET time_zone = '+00:00';
SET foreign_key_checks = 0;
SET sql_mode = 'NO_AUTO_VALUE_ON_ZERO';

CREATE DATABASE `sepatustore` /*!40100 DEFAULT CHARACTER SET latin1 */;
USE `sepatustore`;

SET NAMES utf8mb4;

DROP TABLE IF EXISTS `brands`;
CREATE TABLE `brands` (
  `id` bigint(20) unsigned NOT NULL AUTO_INCREMENT,
  `nama` varchar(255) COLLATE utf8mb4_unicode_ci NOT NULL,
  `foto` varchar(255) COLLATE utf8mb4_unicode_ci NOT NULL,
  `deleted_at` timestamp NULL DEFAULT NULL,
  `created_at` timestamp NULL DEFAULT NULL,
  `updated_at` timestamp NULL DEFAULT NULL,
  `slug` varchar(255) COLLATE utf8mb4_unicode_ci NOT NULL,
  PRIMARY KEY (`id`)
) ENGINE=InnoDB DEFAULT CHARSET=utf8mb4 COLLATE=utf8mb4_unicode_ci;

INSERT INTO `brands` (`id`, `nama`, `foto`, `deleted_at`, `created_at`, `updated_at`, `slug`) VALUES
(1,	'Nike',	'images/brands/1726040735_Nike-Logo.png',	NULL,	'2024-09-11 00:45:36',	'2024-09-12 18:57:37',	'nike'),
(4,	'Adidas',	'images/brands/1726041074_Adidas-Logo.png',	NULL,	'2024-09-11 00:51:14',	'2024-09-12 18:54:46',	'adidas'),
(5,	'Puma',	'images/brands/1726041155_Puma-Logo.png',	NULL,	'2024-09-11 00:52:36',	'2024-09-12 18:56:57',	'puma'),
(6,	'Convers',	'images/brands/1726041169_converse_PNG31.png',	NULL,	'2024-09-11 00:52:49',	'2024-09-12 19:01:23',	'convers'),
(7,	'nn',	'images/brands/1726540711_JORDAN+TATUM+2+GPX+PF (1).jpeg',	'2024-09-16 19:38:40',	'2024-09-16 19:38:33',	'2024-09-16 19:38:40',	'nn'),
(8,	'New Balance',	'images/brands/1727407940_NB.png',	NULL,	'2024-09-26 20:32:22',	'2024-09-26 20:32:22',	'new-balance'),
(9,	'sdsd',	'images/brands/1727979619_th (23).jpeg',	'2024-10-03 11:20:24',	'2024-10-03 11:20:19',	'2024-10-03 11:20:24',	'sdsd');

DROP TABLE IF EXISTS `cache`;
CREATE TABLE `cache` (
  `key` varchar(255) COLLATE utf8mb4_unicode_ci NOT NULL,
  `value` mediumtext COLLATE utf8mb4_unicode_ci NOT NULL,
  `expiration` int(11) NOT NULL,
  PRIMARY KEY (`key`)
) ENGINE=InnoDB DEFAULT CHARSET=utf8mb4 COLLATE=utf8mb4_unicode_ci;

INSERT INTO `cache` (`key`, `value`, `expiration`) VALUES
('admin@gmail.com|127.0.0.1',	'i:2;',	1728058419),
('admin@gmail.com|127.0.0.1:timer',	'i:1728058419;',	1728058419);

DROP TABLE IF EXISTS `cache_locks`;
CREATE TABLE `cache_locks` (
  `key` varchar(255) COLLATE utf8mb4_unicode_ci NOT NULL,
  `owner` varchar(255) COLLATE utf8mb4_unicode_ci NOT NULL,
  `expiration` int(11) NOT NULL,
  PRIMARY KEY (`key`)
) ENGINE=InnoDB DEFAULT CHARSET=utf8mb4 COLLATE=utf8mb4_unicode_ci;


DROP TABLE IF EXISTS `cities`;
CREATE TABLE `cities` (
  `id` bigint(20) unsigned NOT NULL AUTO_INCREMENT,
  `province_id` int(10) unsigned NOT NULL,
  `city_id` int(10) unsigned NOT NULL,
  `name` varchar(255) COLLATE utf8mb4_unicode_ci NOT NULL,
  `created_at` timestamp NULL DEFAULT NULL,
  `updated_at` timestamp NULL DEFAULT NULL,
  PRIMARY KEY (`id`)
) ENGINE=InnoDB DEFAULT CHARSET=utf8mb4 COLLATE=utf8mb4_unicode_ci;

INSERT INTO `cities` (`id`, `province_id`, `city_id`, `name`, `created_at`, `updated_at`) VALUES
(1,	1,	17,	'Badung',	'2024-09-21 05:01:14',	'2024-09-21 05:01:14'),
(2,	1,	32,	'Bangli',	'2024-09-21 05:01:14',	'2024-09-21 05:01:14'),
(3,	1,	94,	'Buleleng',	'2024-09-21 05:01:14',	'2024-09-21 05:01:14'),
(4,	1,	114,	'Denpasar',	'2024-09-21 05:01:14',	'2024-09-21 05:01:14'),
(5,	1,	128,	'Gianyar',	'2024-09-21 05:01:14',	'2024-09-21 05:01:14'),
(6,	1,	161,	'Jembrana',	'2024-09-21 05:01:14',	'2024-09-21 05:01:14'),
(7,	1,	170,	'Karangasem',	'2024-09-21 05:01:14',	'2024-09-21 05:01:14'),
(8,	1,	197,	'Klungkung',	'2024-09-21 05:01:14',	'2024-09-21 05:01:14'),
(9,	1,	447,	'Tabanan',	'2024-09-21 05:01:14',	'2024-09-21 05:01:14'),
(10,	2,	27,	'Bangka',	'2024-09-21 05:01:15',	'2024-09-21 05:01:15'),
(11,	2,	28,	'Bangka Barat',	'2024-09-21 05:01:15',	'2024-09-21 05:01:15'),
(12,	2,	29,	'Bangka Selatan',	'2024-09-21 05:01:15',	'2024-09-21 05:01:15'),
(13,	2,	30,	'Bangka Tengah',	'2024-09-21 05:01:15',	'2024-09-21 05:01:15'),
(14,	2,	56,	'Belitung',	'2024-09-21 05:01:15',	'2024-09-21 05:01:15'),
(15,	2,	57,	'Belitung Timur',	'2024-09-21 05:01:15',	'2024-09-21 05:01:15'),
(16,	2,	334,	'Pangkal Pinang',	'2024-09-21 05:01:15',	'2024-09-21 05:01:15'),
(17,	3,	106,	'Cilegon',	'2024-09-21 05:01:16',	'2024-09-21 05:01:16'),
(18,	3,	232,	'Lebak',	'2024-09-21 05:01:16',	'2024-09-21 05:01:16'),
(19,	3,	331,	'Pandeglang',	'2024-09-21 05:01:16',	'2024-09-21 05:01:16'),
(20,	3,	402,	'Serang',	'2024-09-21 05:01:16',	'2024-09-21 05:01:16'),
(21,	3,	403,	'Serang',	'2024-09-21 05:01:16',	'2024-09-21 05:01:16'),
(22,	3,	455,	'Tangerang',	'2024-09-21 05:01:16',	'2024-09-21 05:01:16'),
(23,	3,	456,	'Tangerang',	'2024-09-21 05:01:16',	'2024-09-21 05:01:16'),
(24,	3,	457,	'Tangerang Selatan',	'2024-09-21 05:01:16',	'2024-09-21 05:01:16'),
(25,	4,	62,	'Bengkulu',	'2024-09-21 05:01:18',	'2024-09-21 05:01:18'),
(26,	4,	63,	'Bengkulu Selatan',	'2024-09-21 05:01:18',	'2024-09-21 05:01:18'),
(27,	4,	64,	'Bengkulu Tengah',	'2024-09-21 05:01:18',	'2024-09-21 05:01:18'),
(28,	4,	65,	'Bengkulu Utara',	'2024-09-21 05:01:18',	'2024-09-21 05:01:18'),
(29,	4,	175,	'Kaur',	'2024-09-21 05:01:18',	'2024-09-21 05:01:18'),
(30,	4,	183,	'Kepahiang',	'2024-09-21 05:01:18',	'2024-09-21 05:01:18'),
(31,	4,	233,	'Lebong',	'2024-09-21 05:01:18',	'2024-09-21 05:01:18'),
(32,	4,	294,	'Muko Muko',	'2024-09-21 05:01:18',	'2024-09-21 05:01:18'),
(33,	4,	379,	'Rejang Lebong',	'2024-09-21 05:01:18',	'2024-09-21 05:01:18'),
(34,	4,	397,	'Seluma',	'2024-09-21 05:01:18',	'2024-09-21 05:01:18'),
(35,	5,	39,	'Bantul',	'2024-09-21 05:01:20',	'2024-09-21 05:01:20'),
(36,	5,	135,	'Gunung Kidul',	'2024-09-21 05:01:20',	'2024-09-21 05:01:20'),
(37,	5,	210,	'Kulon Progo',	'2024-09-21 05:01:20',	'2024-09-21 05:01:20'),
(38,	5,	419,	'Sleman',	'2024-09-21 05:01:20',	'2024-09-21 05:01:20'),
(39,	5,	501,	'Yogyakarta',	'2024-09-21 05:01:20',	'2024-09-21 05:01:20'),
(40,	6,	151,	'Jakarta Barat',	'2024-09-21 05:01:21',	'2024-09-21 05:01:21'),
(41,	6,	152,	'Jakarta Pusat',	'2024-09-21 05:01:21',	'2024-09-21 05:01:21'),
(42,	6,	153,	'Jakarta Selatan',	'2024-09-21 05:01:21',	'2024-09-21 05:01:21'),
(43,	6,	154,	'Jakarta Timur',	'2024-09-21 05:01:21',	'2024-09-21 05:01:21'),
(44,	6,	155,	'Jakarta Utara',	'2024-09-21 05:01:21',	'2024-09-21 05:01:21'),
(45,	6,	189,	'Kepulauan Seribu',	'2024-09-21 05:01:21',	'2024-09-21 05:01:21'),
(46,	7,	77,	'Boalemo',	'2024-09-21 05:01:22',	'2024-09-21 05:01:22'),
(47,	7,	88,	'Bone Bolango',	'2024-09-21 05:01:22',	'2024-09-21 05:01:22'),
(48,	7,	129,	'Gorontalo',	'2024-09-21 05:01:22',	'2024-09-21 05:01:22'),
(49,	7,	130,	'Gorontalo',	'2024-09-21 05:01:22',	'2024-09-21 05:01:22'),
(50,	7,	131,	'Gorontalo Utara',	'2024-09-21 05:01:22',	'2024-09-21 05:01:22'),
(51,	7,	361,	'Pohuwato',	'2024-09-21 05:01:22',	'2024-09-21 05:01:22'),
(52,	8,	50,	'Batang Hari',	'2024-09-21 05:01:24',	'2024-09-21 05:01:24'),
(53,	8,	97,	'Bungo',	'2024-09-21 05:01:24',	'2024-09-21 05:01:24'),
(54,	8,	156,	'Jambi',	'2024-09-21 05:01:24',	'2024-09-21 05:01:24'),
(55,	8,	194,	'Kerinci',	'2024-09-21 05:01:24',	'2024-09-21 05:01:24'),
(56,	8,	280,	'Merangin',	'2024-09-21 05:01:24',	'2024-09-21 05:01:24'),
(57,	8,	293,	'Muaro Jambi',	'2024-09-21 05:01:24',	'2024-09-21 05:01:24'),
(58,	8,	393,	'Sarolangun',	'2024-09-21 05:01:24',	'2024-09-21 05:01:24'),
(59,	8,	442,	'Sungaipenuh',	'2024-09-21 05:01:24',	'2024-09-21 05:01:24'),
(60,	8,	460,	'Tanjung Jabung Barat',	'2024-09-21 05:01:24',	'2024-09-21 05:01:24'),
(61,	8,	461,	'Tanjung Jabung Timur',	'2024-09-21 05:01:24',	'2024-09-21 05:01:24'),
(62,	8,	471,	'Tebo',	'2024-09-21 05:01:24',	'2024-09-21 05:01:24'),
(63,	9,	22,	'Bandung',	'2024-09-21 05:01:25',	'2024-09-21 05:01:25'),
(64,	9,	23,	'Bandung',	'2024-09-21 05:01:25',	'2024-09-21 05:01:25'),
(65,	9,	24,	'Bandung Barat',	'2024-09-21 05:01:25',	'2024-09-21 05:01:25'),
(66,	9,	34,	'Banjar',	'2024-09-21 05:01:25',	'2024-09-21 05:01:25'),
(67,	9,	54,	'Bekasi',	'2024-09-21 05:01:25',	'2024-09-21 05:01:25'),
(68,	9,	55,	'Bekasi',	'2024-09-21 05:01:25',	'2024-09-21 05:01:25'),
(69,	9,	78,	'Bogor',	'2024-09-21 05:01:25',	'2024-09-21 05:01:25'),
(70,	9,	79,	'Bogor',	'2024-09-21 05:01:25',	'2024-09-21 05:01:25'),
(71,	9,	103,	'Ciamis',	'2024-09-21 05:01:25',	'2024-09-21 05:01:25'),
(72,	9,	104,	'Cianjur',	'2024-09-21 05:01:25',	'2024-09-21 05:01:25'),
(73,	9,	107,	'Cimahi',	'2024-09-21 05:01:25',	'2024-09-21 05:01:25'),
(74,	9,	108,	'Cirebon',	'2024-09-21 05:01:25',	'2024-09-21 05:01:25'),
(75,	9,	109,	'Cirebon',	'2024-09-21 05:01:25',	'2024-09-21 05:01:25'),
(76,	9,	115,	'Depok',	'2024-09-21 05:01:25',	'2024-09-21 05:01:25'),
(77,	9,	126,	'Garut',	'2024-09-21 05:01:25',	'2024-09-21 05:01:25'),
(78,	9,	149,	'Indramayu',	'2024-09-21 05:01:25',	'2024-09-21 05:01:25'),
(79,	9,	171,	'Karawang',	'2024-09-21 05:01:25',	'2024-09-21 05:01:25'),
(80,	9,	211,	'Kuningan',	'2024-09-21 05:01:25',	'2024-09-21 05:01:25'),
(81,	9,	252,	'Majalengka',	'2024-09-21 05:01:25',	'2024-09-21 05:01:25'),
(82,	9,	332,	'Pangandaran',	'2024-09-21 05:01:25',	'2024-09-21 05:01:25'),
(83,	9,	376,	'Purwakarta',	'2024-09-21 05:01:25',	'2024-09-21 05:01:25'),
(84,	9,	428,	'Subang',	'2024-09-21 05:01:25',	'2024-09-21 05:01:25'),
(85,	9,	430,	'Sukabumi',	'2024-09-21 05:01:25',	'2024-09-21 05:01:25'),
(86,	9,	431,	'Sukabumi',	'2024-09-21 05:01:25',	'2024-09-21 05:01:25'),
(87,	9,	440,	'Sumedang',	'2024-09-21 05:01:25',	'2024-09-21 05:01:25'),
(88,	9,	468,	'Tasikmalaya',	'2024-09-21 05:01:25',	'2024-09-21 05:01:25'),
(89,	9,	469,	'Tasikmalaya',	'2024-09-21 05:01:25',	'2024-09-21 05:01:25'),
(90,	10,	37,	'Banjarnegara',	'2024-09-21 05:01:26',	'2024-09-21 05:01:26'),
(91,	10,	41,	'Banyumas',	'2024-09-21 05:01:26',	'2024-09-21 05:01:26'),
(92,	10,	49,	'Batang',	'2024-09-21 05:01:26',	'2024-09-21 05:01:26'),
(93,	10,	76,	'Blora',	'2024-09-21 05:01:26',	'2024-09-21 05:01:26'),
(94,	10,	91,	'Boyolali',	'2024-09-21 05:01:26',	'2024-09-21 05:01:26'),
(95,	10,	92,	'Brebes',	'2024-09-21 05:01:26',	'2024-09-21 05:01:26'),
(96,	10,	105,	'Cilacap',	'2024-09-21 05:01:26',	'2024-09-21 05:01:26'),
(97,	10,	113,	'Demak',	'2024-09-21 05:01:26',	'2024-09-21 05:01:26'),
(98,	10,	134,	'Grobogan',	'2024-09-21 05:01:26',	'2024-09-21 05:01:26'),
(99,	10,	163,	'Jepara',	'2024-09-21 05:01:26',	'2024-09-21 05:01:26'),
(100,	10,	169,	'Karanganyar',	'2024-09-21 05:01:26',	'2024-09-21 05:01:26'),
(101,	10,	177,	'Kebumen',	'2024-09-21 05:01:26',	'2024-09-21 05:01:26'),
(102,	10,	181,	'Kendal',	'2024-09-21 05:01:26',	'2024-09-21 05:01:26'),
(103,	10,	196,	'Klaten',	'2024-09-21 05:01:26',	'2024-09-21 05:01:26'),
(104,	10,	209,	'Kudus',	'2024-09-21 05:01:26',	'2024-09-21 05:01:26'),
(105,	10,	249,	'Magelang',	'2024-09-21 05:01:26',	'2024-09-21 05:01:26'),
(106,	10,	250,	'Magelang',	'2024-09-21 05:01:26',	'2024-09-21 05:01:26'),
(107,	10,	344,	'Pati',	'2024-09-21 05:01:26',	'2024-09-21 05:01:26'),
(108,	10,	348,	'Pekalongan',	'2024-09-21 05:01:26',	'2024-09-21 05:01:26'),
(109,	10,	349,	'Pekalongan',	'2024-09-21 05:01:26',	'2024-09-21 05:01:26'),
(110,	10,	352,	'Pemalang',	'2024-09-21 05:01:26',	'2024-09-21 05:01:26'),
(111,	10,	375,	'Purbalingga',	'2024-09-21 05:01:26',	'2024-09-21 05:01:26'),
(112,	10,	377,	'Purworejo',	'2024-09-21 05:01:26',	'2024-09-21 05:01:26'),
(113,	10,	380,	'Rembang',	'2024-09-21 05:01:26',	'2024-09-21 05:01:26'),
(114,	10,	386,	'Salatiga',	'2024-09-21 05:01:26',	'2024-09-21 05:01:26'),
(115,	10,	398,	'Semarang',	'2024-09-21 05:01:26',	'2024-09-21 05:01:26'),
(116,	10,	399,	'Semarang',	'2024-09-21 05:01:26',	'2024-09-21 05:01:26'),
(117,	10,	427,	'Sragen',	'2024-09-21 05:01:26',	'2024-09-21 05:01:26'),
(118,	10,	433,	'Sukoharjo',	'2024-09-21 05:01:26',	'2024-09-21 05:01:26'),
(119,	10,	445,	'Surakarta (Solo)',	'2024-09-21 05:01:26',	'2024-09-21 05:01:26'),
(120,	10,	472,	'Tegal',	'2024-09-21 05:01:26',	'2024-09-21 05:01:26'),
(121,	10,	473,	'Tegal',	'2024-09-21 05:01:26',	'2024-09-21 05:01:26'),
(122,	10,	476,	'Temanggung',	'2024-09-21 05:01:26',	'2024-09-21 05:01:26'),
(123,	10,	497,	'Wonogiri',	'2024-09-21 05:01:26',	'2024-09-21 05:01:26'),
(124,	10,	498,	'Wonosobo',	'2024-09-21 05:01:26',	'2024-09-21 05:01:26'),
(125,	11,	31,	'Bangkalan',	'2024-09-21 05:01:27',	'2024-09-21 05:01:27'),
(126,	11,	42,	'Banyuwangi',	'2024-09-21 05:01:27',	'2024-09-21 05:01:27'),
(127,	11,	51,	'Batu',	'2024-09-21 05:01:27',	'2024-09-21 05:01:27'),
(128,	11,	74,	'Blitar',	'2024-09-21 05:01:27',	'2024-09-21 05:01:27'),
(129,	11,	75,	'Blitar',	'2024-09-21 05:01:27',	'2024-09-21 05:01:27'),
(130,	11,	80,	'Bojonegoro',	'2024-09-21 05:01:27',	'2024-09-21 05:01:27'),
(131,	11,	86,	'Bondowoso',	'2024-09-21 05:01:27',	'2024-09-21 05:01:27'),
(132,	11,	133,	'Gresik',	'2024-09-21 05:01:27',	'2024-09-21 05:01:27'),
(133,	11,	160,	'Jember',	'2024-09-21 05:01:27',	'2024-09-21 05:01:27'),
(134,	11,	164,	'Jombang',	'2024-09-21 05:01:27',	'2024-09-21 05:01:27'),
(135,	11,	178,	'Kediri',	'2024-09-21 05:01:27',	'2024-09-21 05:01:27'),
(136,	11,	179,	'Kediri',	'2024-09-21 05:01:27',	'2024-09-21 05:01:27'),
(137,	11,	222,	'Lamongan',	'2024-09-21 05:01:27',	'2024-09-21 05:01:27'),
(138,	11,	243,	'Lumajang',	'2024-09-21 05:01:27',	'2024-09-21 05:01:27'),
(139,	11,	247,	'Madiun',	'2024-09-21 05:01:27',	'2024-09-21 05:01:27'),
(140,	11,	248,	'Madiun',	'2024-09-21 05:01:27',	'2024-09-21 05:01:27'),
(141,	11,	251,	'Magetan',	'2024-09-21 05:01:27',	'2024-09-21 05:01:27'),
(142,	11,	256,	'Malang',	'2024-09-21 05:01:27',	'2024-09-21 05:01:27'),
(143,	11,	255,	'Malang',	'2024-09-21 05:01:27',	'2024-09-21 05:01:27'),
(144,	11,	289,	'Mojokerto',	'2024-09-21 05:01:27',	'2024-09-21 05:01:27'),
(145,	11,	290,	'Mojokerto',	'2024-09-21 05:01:27',	'2024-09-21 05:01:27'),
(146,	11,	305,	'Nganjuk',	'2024-09-21 05:01:27',	'2024-09-21 05:01:27'),
(147,	11,	306,	'Ngawi',	'2024-09-21 05:01:27',	'2024-09-21 05:01:27'),
(148,	11,	317,	'Pacitan',	'2024-09-21 05:01:27',	'2024-09-21 05:01:27'),
(149,	11,	330,	'Pamekasan',	'2024-09-21 05:01:27',	'2024-09-21 05:01:27'),
(150,	11,	342,	'Pasuruan',	'2024-09-21 05:01:27',	'2024-09-21 05:01:27'),
(151,	11,	343,	'Pasuruan',	'2024-09-21 05:01:27',	'2024-09-21 05:01:27'),
(152,	11,	363,	'Ponorogo',	'2024-09-21 05:01:27',	'2024-09-21 05:01:27'),
(153,	11,	369,	'Probolinggo',	'2024-09-21 05:01:27',	'2024-09-21 05:01:27'),
(154,	11,	370,	'Probolinggo',	'2024-09-21 05:01:27',	'2024-09-21 05:01:27'),
(155,	11,	390,	'Sampang',	'2024-09-21 05:01:27',	'2024-09-21 05:01:27'),
(156,	11,	409,	'Sidoarjo',	'2024-09-21 05:01:27',	'2024-09-21 05:01:27'),
(157,	11,	418,	'Situbondo',	'2024-09-21 05:01:27',	'2024-09-21 05:01:27'),
(158,	11,	441,	'Sumenep',	'2024-09-21 05:01:27',	'2024-09-21 05:01:27'),
(159,	11,	444,	'Surabaya',	'2024-09-21 05:01:27',	'2024-09-21 05:01:27'),
(160,	11,	487,	'Trenggalek',	'2024-09-21 05:01:27',	'2024-09-21 05:01:27'),
(161,	11,	489,	'Tuban',	'2024-09-21 05:01:27',	'2024-09-21 05:01:27'),
(162,	11,	492,	'Tulungagung',	'2024-09-21 05:01:27',	'2024-09-21 05:01:27'),
(163,	12,	61,	'Bengkayang',	'2024-09-21 05:01:29',	'2024-09-21 05:01:29'),
(164,	12,	168,	'Kapuas Hulu',	'2024-09-21 05:01:29',	'2024-09-21 05:01:29'),
(165,	12,	176,	'Kayong Utara',	'2024-09-21 05:01:29',	'2024-09-21 05:01:29'),
(166,	12,	195,	'Ketapang',	'2024-09-21 05:01:29',	'2024-09-21 05:01:29'),
(167,	12,	208,	'Kubu Raya',	'2024-09-21 05:01:29',	'2024-09-21 05:01:29'),
(168,	12,	228,	'Landak',	'2024-09-21 05:01:29',	'2024-09-21 05:01:29'),
(169,	12,	279,	'Melawi',	'2024-09-21 05:01:29',	'2024-09-21 05:01:29'),
(170,	12,	364,	'Pontianak',	'2024-09-21 05:01:29',	'2024-09-21 05:01:29'),
(171,	12,	365,	'Pontianak',	'2024-09-21 05:01:29',	'2024-09-21 05:01:29'),
(172,	12,	388,	'Sambas',	'2024-09-21 05:01:29',	'2024-09-21 05:01:29'),
(173,	12,	391,	'Sanggau',	'2024-09-21 05:01:29',	'2024-09-21 05:01:29'),
(174,	12,	395,	'Sekadau',	'2024-09-21 05:01:29',	'2024-09-21 05:01:29'),
(175,	12,	415,	'Singkawang',	'2024-09-21 05:01:29',	'2024-09-21 05:01:29'),
(176,	12,	417,	'Sintang',	'2024-09-21 05:01:29',	'2024-09-21 05:01:29'),
(177,	13,	18,	'Balangan',	'2024-09-21 05:01:30',	'2024-09-21 05:01:30'),
(178,	13,	33,	'Banjar',	'2024-09-21 05:01:30',	'2024-09-21 05:01:30'),
(179,	13,	35,	'Banjarbaru',	'2024-09-21 05:01:30',	'2024-09-21 05:01:30'),
(180,	13,	36,	'Banjarmasin',	'2024-09-21 05:01:30',	'2024-09-21 05:01:30'),
(181,	13,	43,	'Barito Kuala',	'2024-09-21 05:01:30',	'2024-09-21 05:01:30'),
(182,	13,	143,	'Hulu Sungai Selatan',	'2024-09-21 05:01:30',	'2024-09-21 05:01:30'),
(183,	13,	144,	'Hulu Sungai Tengah',	'2024-09-21 05:01:30',	'2024-09-21 05:01:30'),
(184,	13,	145,	'Hulu Sungai Utara',	'2024-09-21 05:01:30',	'2024-09-21 05:01:30'),
(185,	13,	203,	'Kotabaru',	'2024-09-21 05:01:30',	'2024-09-21 05:01:30'),
(186,	13,	446,	'Tabalong',	'2024-09-21 05:01:30',	'2024-09-21 05:01:30'),
(187,	13,	452,	'Tanah Bumbu',	'2024-09-21 05:01:30',	'2024-09-21 05:01:30'),
(188,	13,	454,	'Tanah Laut',	'2024-09-21 05:01:30',	'2024-09-21 05:01:30'),
(189,	13,	466,	'Tapin',	'2024-09-21 05:01:30',	'2024-09-21 05:01:30'),
(190,	14,	44,	'Barito Selatan',	'2024-09-21 05:01:31',	'2024-09-21 05:01:31'),
(191,	14,	45,	'Barito Timur',	'2024-09-21 05:01:31',	'2024-09-21 05:01:31'),
(192,	14,	46,	'Barito Utara',	'2024-09-21 05:01:31',	'2024-09-21 05:01:31'),
(193,	14,	136,	'Gunung Mas',	'2024-09-21 05:01:31',	'2024-09-21 05:01:31'),
(194,	14,	167,	'Kapuas',	'2024-09-21 05:01:31',	'2024-09-21 05:01:31'),
(195,	14,	174,	'Katingan',	'2024-09-21 05:01:31',	'2024-09-21 05:01:31'),
(196,	14,	205,	'Kotawaringin Barat',	'2024-09-21 05:01:31',	'2024-09-21 05:01:31'),
(197,	14,	206,	'Kotawaringin Timur',	'2024-09-21 05:01:31',	'2024-09-21 05:01:31'),
(198,	14,	221,	'Lamandau',	'2024-09-21 05:01:31',	'2024-09-21 05:01:31'),
(199,	14,	296,	'Murung Raya',	'2024-09-21 05:01:31',	'2024-09-21 05:01:31'),
(200,	14,	326,	'Palangka Raya',	'2024-09-21 05:01:31',	'2024-09-21 05:01:31'),
(201,	14,	371,	'Pulang Pisau',	'2024-09-21 05:01:31',	'2024-09-21 05:01:31'),
(202,	14,	405,	'Seruyan',	'2024-09-21 05:01:31',	'2024-09-21 05:01:31'),
(203,	14,	432,	'Sukamara',	'2024-09-21 05:01:31',	'2024-09-21 05:01:31'),
(204,	15,	19,	'Balikpapan',	'2024-09-21 05:01:32',	'2024-09-21 05:01:32'),
(205,	15,	66,	'Berau',	'2024-09-21 05:01:32',	'2024-09-21 05:01:32'),
(206,	15,	89,	'Bontang',	'2024-09-21 05:01:32',	'2024-09-21 05:01:32'),
(207,	15,	214,	'Kutai Barat',	'2024-09-21 05:01:32',	'2024-09-21 05:01:32'),
(208,	15,	215,	'Kutai Kartanegara',	'2024-09-21 05:01:32',	'2024-09-21 05:01:32'),
(209,	15,	216,	'Kutai Timur',	'2024-09-21 05:01:32',	'2024-09-21 05:01:32'),
(210,	15,	341,	'Paser',	'2024-09-21 05:01:32',	'2024-09-21 05:01:32'),
(211,	15,	354,	'Penajam Paser Utara',	'2024-09-21 05:01:32',	'2024-09-21 05:01:32'),
(212,	15,	387,	'Samarinda',	'2024-09-21 05:01:32',	'2024-09-21 05:01:32'),
(213,	16,	96,	'Bulungan (Bulongan)',	'2024-09-21 05:01:34',	'2024-09-21 05:01:34'),
(214,	16,	257,	'Malinau',	'2024-09-21 05:01:34',	'2024-09-21 05:01:34'),
(215,	16,	311,	'Nunukan',	'2024-09-21 05:01:34',	'2024-09-21 05:01:34'),
(216,	16,	450,	'Tana Tidung',	'2024-09-21 05:01:34',	'2024-09-21 05:01:34'),
(217,	16,	467,	'Tarakan',	'2024-09-21 05:01:34',	'2024-09-21 05:01:34'),
(218,	17,	48,	'Batam',	'2024-09-21 05:01:35',	'2024-09-21 05:01:35'),
(219,	17,	71,	'Bintan',	'2024-09-21 05:01:35',	'2024-09-21 05:01:35'),
(220,	17,	172,	'Karimun',	'2024-09-21 05:01:35',	'2024-09-21 05:01:35'),
(221,	17,	184,	'Kepulauan Anambas',	'2024-09-21 05:01:35',	'2024-09-21 05:01:35'),
(222,	17,	237,	'Lingga',	'2024-09-21 05:01:35',	'2024-09-21 05:01:35'),
(223,	17,	302,	'Natuna',	'2024-09-21 05:01:35',	'2024-09-21 05:01:35'),
(224,	17,	462,	'Tanjung Pinang',	'2024-09-21 05:01:35',	'2024-09-21 05:01:35'),
(225,	18,	21,	'Bandar Lampung',	'2024-09-21 05:01:36',	'2024-09-21 05:01:36'),
(226,	18,	223,	'Lampung Barat',	'2024-09-21 05:01:36',	'2024-09-21 05:01:36'),
(227,	18,	224,	'Lampung Selatan',	'2024-09-21 05:01:36',	'2024-09-21 05:01:36'),
(228,	18,	225,	'Lampung Tengah',	'2024-09-21 05:01:36',	'2024-09-21 05:01:36'),
(229,	18,	226,	'Lampung Timur',	'2024-09-21 05:01:36',	'2024-09-21 05:01:36'),
(230,	18,	227,	'Lampung Utara',	'2024-09-21 05:01:36',	'2024-09-21 05:01:36'),
(231,	18,	282,	'Mesuji',	'2024-09-21 05:01:36',	'2024-09-21 05:01:36'),
(232,	18,	283,	'Metro',	'2024-09-21 05:01:36',	'2024-09-21 05:01:36'),
(233,	18,	355,	'Pesawaran',	'2024-09-21 05:01:36',	'2024-09-21 05:01:36'),
(234,	18,	356,	'Pesisir Barat',	'2024-09-21 05:01:36',	'2024-09-21 05:01:36'),
(235,	18,	368,	'Pringsewu',	'2024-09-21 05:01:36',	'2024-09-21 05:01:36'),
(236,	18,	458,	'Tanggamus',	'2024-09-21 05:01:36',	'2024-09-21 05:01:36'),
(237,	18,	490,	'Tulang Bawang',	'2024-09-21 05:01:36',	'2024-09-21 05:01:36'),
(238,	18,	491,	'Tulang Bawang Barat',	'2024-09-21 05:01:36',	'2024-09-21 05:01:36'),
(239,	18,	496,	'Way Kanan',	'2024-09-21 05:01:36',	'2024-09-21 05:01:36'),
(240,	19,	14,	'Ambon',	'2024-09-21 05:01:37',	'2024-09-21 05:01:37'),
(241,	19,	99,	'Buru',	'2024-09-21 05:01:37',	'2024-09-21 05:01:37'),
(242,	19,	100,	'Buru Selatan',	'2024-09-21 05:01:37',	'2024-09-21 05:01:37'),
(243,	19,	185,	'Kepulauan Aru',	'2024-09-21 05:01:37',	'2024-09-21 05:01:37'),
(244,	19,	258,	'Maluku Barat Daya',	'2024-09-21 05:01:37',	'2024-09-21 05:01:37'),
(245,	19,	259,	'Maluku Tengah',	'2024-09-21 05:01:37',	'2024-09-21 05:01:37'),
(246,	19,	260,	'Maluku Tenggara',	'2024-09-21 05:01:37',	'2024-09-21 05:01:37'),
(247,	19,	261,	'Maluku Tenggara Barat',	'2024-09-21 05:01:37',	'2024-09-21 05:01:37'),
(248,	19,	400,	'Seram Bagian Barat',	'2024-09-21 05:01:37',	'2024-09-21 05:01:37'),
(249,	19,	401,	'Seram Bagian Timur',	'2024-09-21 05:01:37',	'2024-09-21 05:01:37'),
(250,	19,	488,	'Tual',	'2024-09-21 05:01:37',	'2024-09-21 05:01:37'),
(251,	20,	138,	'Halmahera Barat',	'2024-09-21 05:01:39',	'2024-09-21 05:01:39'),
(252,	20,	139,	'Halmahera Selatan',	'2024-09-21 05:01:39',	'2024-09-21 05:01:39'),
(253,	20,	140,	'Halmahera Tengah',	'2024-09-21 05:01:39',	'2024-09-21 05:01:39'),
(254,	20,	141,	'Halmahera Timur',	'2024-09-21 05:01:39',	'2024-09-21 05:01:39'),
(255,	20,	142,	'Halmahera Utara',	'2024-09-21 05:01:39',	'2024-09-21 05:01:39'),
(256,	20,	191,	'Kepulauan Sula',	'2024-09-21 05:01:39',	'2024-09-21 05:01:39'),
(257,	20,	372,	'Pulau Morotai',	'2024-09-21 05:01:39',	'2024-09-21 05:01:39'),
(258,	20,	477,	'Ternate',	'2024-09-21 05:01:39',	'2024-09-21 05:01:39'),
(259,	20,	478,	'Tidore Kepulauan',	'2024-09-21 05:01:39',	'2024-09-21 05:01:39'),
(260,	21,	1,	'Aceh Barat',	'2024-09-21 05:01:40',	'2024-09-21 05:01:40'),
(261,	21,	2,	'Aceh Barat Daya',	'2024-09-21 05:01:40',	'2024-09-21 05:01:40'),
(262,	21,	3,	'Aceh Besar',	'2024-09-21 05:01:40',	'2024-09-21 05:01:40'),
(263,	21,	4,	'Aceh Jaya',	'2024-09-21 05:01:40',	'2024-09-21 05:01:40'),
(264,	21,	5,	'Aceh Selatan',	'2024-09-21 05:01:40',	'2024-09-21 05:01:40'),
(265,	21,	6,	'Aceh Singkil',	'2024-09-21 05:01:40',	'2024-09-21 05:01:40'),
(266,	21,	7,	'Aceh Tamiang',	'2024-09-21 05:01:40',	'2024-09-21 05:01:40'),
(267,	21,	8,	'Aceh Tengah',	'2024-09-21 05:01:40',	'2024-09-21 05:01:40'),
(268,	21,	9,	'Aceh Tenggara',	'2024-09-21 05:01:40',	'2024-09-21 05:01:40'),
(269,	21,	10,	'Aceh Timur',	'2024-09-21 05:01:40',	'2024-09-21 05:01:40'),
(270,	21,	11,	'Aceh Utara',	'2024-09-21 05:01:40',	'2024-09-21 05:01:40'),
(271,	21,	20,	'Banda Aceh',	'2024-09-21 05:01:40',	'2024-09-21 05:01:40'),
(272,	21,	59,	'Bener Meriah',	'2024-09-21 05:01:40',	'2024-09-21 05:01:40'),
(273,	21,	72,	'Bireuen',	'2024-09-21 05:01:40',	'2024-09-21 05:01:40'),
(274,	21,	127,	'Gayo Lues',	'2024-09-21 05:01:40',	'2024-09-21 05:01:40'),
(275,	21,	230,	'Langsa',	'2024-09-21 05:01:40',	'2024-09-21 05:01:40'),
(276,	21,	235,	'Lhokseumawe',	'2024-09-21 05:01:40',	'2024-09-21 05:01:40'),
(277,	21,	300,	'Nagan Raya',	'2024-09-21 05:01:40',	'2024-09-21 05:01:40'),
(278,	21,	358,	'Pidie',	'2024-09-21 05:01:40',	'2024-09-21 05:01:40'),
(279,	21,	359,	'Pidie Jaya',	'2024-09-21 05:01:40',	'2024-09-21 05:01:40'),
(280,	21,	384,	'Sabang',	'2024-09-21 05:01:40',	'2024-09-21 05:01:40'),
(281,	21,	414,	'Simeulue',	'2024-09-21 05:01:40',	'2024-09-21 05:01:40'),
(282,	21,	429,	'Subulussalam',	'2024-09-21 05:01:40',	'2024-09-21 05:01:40'),
(283,	22,	68,	'Bima',	'2024-09-21 05:01:41',	'2024-09-21 05:01:41'),
(284,	22,	69,	'Bima',	'2024-09-21 05:01:41',	'2024-09-21 05:01:41'),
(285,	22,	118,	'Dompu',	'2024-09-21 05:01:41',	'2024-09-21 05:01:41'),
(286,	22,	238,	'Lombok Barat',	'2024-09-21 05:01:41',	'2024-09-21 05:01:41'),
(287,	22,	239,	'Lombok Tengah',	'2024-09-21 05:01:41',	'2024-09-21 05:01:41'),
(288,	22,	240,	'Lombok Timur',	'2024-09-21 05:01:41',	'2024-09-21 05:01:41'),
(289,	22,	241,	'Lombok Utara',	'2024-09-21 05:01:41',	'2024-09-21 05:01:41'),
(290,	22,	276,	'Mataram',	'2024-09-21 05:01:41',	'2024-09-21 05:01:41'),
(291,	22,	438,	'Sumbawa',	'2024-09-21 05:01:41',	'2024-09-21 05:01:41'),
(292,	22,	439,	'Sumbawa Barat',	'2024-09-21 05:01:41',	'2024-09-21 05:01:41'),
(293,	23,	13,	'Alor',	'2024-09-21 05:01:42',	'2024-09-21 05:01:42'),
(294,	23,	58,	'Belu',	'2024-09-21 05:01:42',	'2024-09-21 05:01:42'),
(295,	23,	122,	'Ende',	'2024-09-21 05:01:42',	'2024-09-21 05:01:42'),
(296,	23,	125,	'Flores Timur',	'2024-09-21 05:01:42',	'2024-09-21 05:01:42'),
(297,	23,	212,	'Kupang',	'2024-09-21 05:01:42',	'2024-09-21 05:01:42'),
(298,	23,	213,	'Kupang',	'2024-09-21 05:01:42',	'2024-09-21 05:01:42'),
(299,	23,	234,	'Lembata',	'2024-09-21 05:01:42',	'2024-09-21 05:01:42'),
(300,	23,	269,	'Manggarai',	'2024-09-21 05:01:42',	'2024-09-21 05:01:42'),
(301,	23,	270,	'Manggarai Barat',	'2024-09-21 05:01:42',	'2024-09-21 05:01:42'),
(302,	23,	271,	'Manggarai Timur',	'2024-09-21 05:01:42',	'2024-09-21 05:01:42'),
(303,	23,	301,	'Nagekeo',	'2024-09-21 05:01:42',	'2024-09-21 05:01:42'),
(304,	23,	304,	'Ngada',	'2024-09-21 05:01:42',	'2024-09-21 05:01:42'),
(305,	23,	383,	'Rote Ndao',	'2024-09-21 05:01:42',	'2024-09-21 05:01:42'),
(306,	23,	385,	'Sabu Raijua',	'2024-09-21 05:01:42',	'2024-09-21 05:01:42'),
(307,	23,	412,	'Sikka',	'2024-09-21 05:01:42',	'2024-09-21 05:01:42'),
(308,	23,	434,	'Sumba Barat',	'2024-09-21 05:01:42',	'2024-09-21 05:01:42'),
(309,	23,	435,	'Sumba Barat Daya',	'2024-09-21 05:01:42',	'2024-09-21 05:01:42'),
(310,	23,	436,	'Sumba Tengah',	'2024-09-21 05:01:42',	'2024-09-21 05:01:42'),
(311,	23,	437,	'Sumba Timur',	'2024-09-21 05:01:42',	'2024-09-21 05:01:42'),
(312,	23,	479,	'Timor Tengah Selatan',	'2024-09-21 05:01:42',	'2024-09-21 05:01:42'),
(313,	23,	480,	'Timor Tengah Utara',	'2024-09-21 05:01:42',	'2024-09-21 05:01:42'),
(314,	24,	16,	'Asmat',	'2024-09-21 05:01:44',	'2024-09-21 05:01:44'),
(315,	24,	67,	'Biak Numfor',	'2024-09-21 05:01:44',	'2024-09-21 05:01:44'),
(316,	24,	90,	'Boven Digoel',	'2024-09-21 05:01:44',	'2024-09-21 05:01:44'),
(317,	24,	111,	'Deiyai (Deliyai)',	'2024-09-21 05:01:44',	'2024-09-21 05:01:44'),
(318,	24,	117,	'Dogiyai',	'2024-09-21 05:01:44',	'2024-09-21 05:01:44'),
(319,	24,	150,	'Intan Jaya',	'2024-09-21 05:01:44',	'2024-09-21 05:01:44'),
(320,	24,	157,	'Jayapura',	'2024-09-21 05:01:44',	'2024-09-21 05:01:44'),
(321,	24,	158,	'Jayapura',	'2024-09-21 05:01:44',	'2024-09-21 05:01:44'),
(322,	24,	159,	'Jayawijaya',	'2024-09-21 05:01:44',	'2024-09-21 05:01:44'),
(323,	24,	180,	'Keerom',	'2024-09-21 05:01:44',	'2024-09-21 05:01:44'),
(324,	24,	193,	'Kepulauan Yapen (Yapen Waropen)',	'2024-09-21 05:01:44',	'2024-09-21 05:01:44'),
(325,	24,	231,	'Lanny Jaya',	'2024-09-21 05:01:44',	'2024-09-21 05:01:44'),
(326,	24,	263,	'Mamberamo Raya',	'2024-09-21 05:01:44',	'2024-09-21 05:01:44'),
(327,	24,	264,	'Mamberamo Tengah',	'2024-09-21 05:01:44',	'2024-09-21 05:01:44'),
(328,	24,	274,	'Mappi',	'2024-09-21 05:01:44',	'2024-09-21 05:01:44'),
(329,	24,	281,	'Merauke',	'2024-09-21 05:01:44',	'2024-09-21 05:01:44'),
(330,	24,	284,	'Mimika',	'2024-09-21 05:01:44',	'2024-09-21 05:01:44'),
(331,	24,	299,	'Nabire',	'2024-09-21 05:01:44',	'2024-09-21 05:01:44'),
(332,	24,	303,	'Nduga',	'2024-09-21 05:01:44',	'2024-09-21 05:01:44'),
(333,	24,	335,	'Paniai',	'2024-09-21 05:01:44',	'2024-09-21 05:01:44'),
(334,	24,	347,	'Pegunungan Bintang',	'2024-09-21 05:01:44',	'2024-09-21 05:01:44'),
(335,	24,	373,	'Puncak',	'2024-09-21 05:01:44',	'2024-09-21 05:01:44'),
(336,	24,	374,	'Puncak Jaya',	'2024-09-21 05:01:44',	'2024-09-21 05:01:44'),
(337,	24,	392,	'Sarmi',	'2024-09-21 05:01:44',	'2024-09-21 05:01:44'),
(338,	24,	443,	'Supiori',	'2024-09-21 05:01:44',	'2024-09-21 05:01:44'),
(339,	24,	484,	'Tolikara',	'2024-09-21 05:01:44',	'2024-09-21 05:01:44'),
(340,	24,	495,	'Waropen',	'2024-09-21 05:01:44',	'2024-09-21 05:01:44'),
(341,	24,	499,	'Yahukimo',	'2024-09-21 05:01:44',	'2024-09-21 05:01:44'),
(342,	24,	500,	'Yalimo',	'2024-09-21 05:01:44',	'2024-09-21 05:01:44'),
(343,	25,	124,	'Fakfak',	'2024-09-21 05:01:45',	'2024-09-21 05:01:45'),
(344,	25,	165,	'Kaimana',	'2024-09-21 05:01:45',	'2024-09-21 05:01:45'),
(345,	25,	272,	'Manokwari',	'2024-09-21 05:01:45',	'2024-09-21 05:01:45'),
(346,	25,	273,	'Manokwari Selatan',	'2024-09-21 05:01:45',	'2024-09-21 05:01:45'),
(347,	25,	277,	'Maybrat',	'2024-09-21 05:01:45',	'2024-09-21 05:01:45'),
(348,	25,	346,	'Pegunungan Arfak',	'2024-09-21 05:01:45',	'2024-09-21 05:01:45'),
(349,	25,	378,	'Raja Ampat',	'2024-09-21 05:01:45',	'2024-09-21 05:01:45'),
(350,	25,	424,	'Sorong',	'2024-09-21 05:01:45',	'2024-09-21 05:01:45'),
(351,	25,	425,	'Sorong',	'2024-09-21 05:01:45',	'2024-09-21 05:01:45'),
(352,	25,	426,	'Sorong Selatan',	'2024-09-21 05:01:45',	'2024-09-21 05:01:45'),
(353,	25,	449,	'Tambrauw',	'2024-09-21 05:01:45',	'2024-09-21 05:01:45'),
(354,	25,	474,	'Teluk Bintuni',	'2024-09-21 05:01:45',	'2024-09-21 05:01:45'),
(355,	25,	475,	'Teluk Wondama',	'2024-09-21 05:01:45',	'2024-09-21 05:01:45'),
(356,	26,	60,	'Bengkalis',	'2024-09-21 05:01:46',	'2024-09-21 05:01:46'),
(357,	26,	120,	'Dumai',	'2024-09-21 05:01:46',	'2024-09-21 05:01:46'),
(358,	26,	147,	'Indragiri Hilir',	'2024-09-21 05:01:46',	'2024-09-21 05:01:46'),
(359,	26,	148,	'Indragiri Hulu',	'2024-09-21 05:01:46',	'2024-09-21 05:01:46'),
(360,	26,	166,	'Kampar',	'2024-09-21 05:01:46',	'2024-09-21 05:01:46'),
(361,	26,	187,	'Kepulauan Meranti',	'2024-09-21 05:01:46',	'2024-09-21 05:01:46'),
(362,	26,	207,	'Kuantan Singingi',	'2024-09-21 05:01:46',	'2024-09-21 05:01:46'),
(363,	26,	350,	'Pekanbaru',	'2024-09-21 05:01:46',	'2024-09-21 05:01:46'),
(364,	26,	351,	'Pelalawan',	'2024-09-21 05:01:46',	'2024-09-21 05:01:46'),
(365,	26,	381,	'Rokan Hilir',	'2024-09-21 05:01:46',	'2024-09-21 05:01:46'),
(366,	26,	382,	'Rokan Hulu',	'2024-09-21 05:01:46',	'2024-09-21 05:01:46'),
(367,	26,	406,	'Siak',	'2024-09-21 05:01:46',	'2024-09-21 05:01:46'),
(368,	27,	253,	'Majene',	'2024-09-21 05:01:47',	'2024-09-21 05:01:47'),
(369,	27,	262,	'Mamasa',	'2024-09-21 05:01:47',	'2024-09-21 05:01:47'),
(370,	27,	265,	'Mamuju',	'2024-09-21 05:01:47',	'2024-09-21 05:01:47'),
(371,	27,	266,	'Mamuju Utara',	'2024-09-21 05:01:47',	'2024-09-21 05:01:47'),
(372,	27,	362,	'Polewali Mandar',	'2024-09-21 05:01:47',	'2024-09-21 05:01:47'),
(373,	28,	38,	'Bantaeng',	'2024-09-21 05:01:49',	'2024-09-21 05:01:49'),
(374,	28,	47,	'Barru',	'2024-09-21 05:01:49',	'2024-09-21 05:01:49'),
(375,	28,	87,	'Bone',	'2024-09-21 05:01:49',	'2024-09-21 05:01:49'),
(376,	28,	95,	'Bulukumba',	'2024-09-21 05:01:49',	'2024-09-21 05:01:49'),
(377,	28,	123,	'Enrekang',	'2024-09-21 05:01:49',	'2024-09-21 05:01:49'),
(378,	28,	132,	'Gowa',	'2024-09-21 05:01:49',	'2024-09-21 05:01:49'),
(379,	28,	162,	'Jeneponto',	'2024-09-21 05:01:49',	'2024-09-21 05:01:49'),
(380,	28,	244,	'Luwu',	'2024-09-21 05:01:49',	'2024-09-21 05:01:49'),
(381,	28,	245,	'Luwu Timur',	'2024-09-21 05:01:49',	'2024-09-21 05:01:49'),
(382,	28,	246,	'Luwu Utara',	'2024-09-21 05:01:49',	'2024-09-21 05:01:49'),
(383,	28,	254,	'Makassar',	'2024-09-21 05:01:49',	'2024-09-21 05:01:49'),
(384,	28,	275,	'Maros',	'2024-09-21 05:01:49',	'2024-09-21 05:01:49'),
(385,	28,	328,	'Palopo',	'2024-09-21 05:01:49',	'2024-09-21 05:01:49'),
(386,	28,	333,	'Pangkajene Kepulauan',	'2024-09-21 05:01:49',	'2024-09-21 05:01:49'),
(387,	28,	336,	'Parepare',	'2024-09-21 05:01:49',	'2024-09-21 05:01:49'),
(388,	28,	360,	'Pinrang',	'2024-09-21 05:01:49',	'2024-09-21 05:01:49'),
(389,	28,	396,	'Selayar (Kepulauan Selayar)',	'2024-09-21 05:01:49',	'2024-09-21 05:01:49'),
(390,	28,	408,	'Sidenreng Rappang/Rapang',	'2024-09-21 05:01:49',	'2024-09-21 05:01:49'),
(391,	28,	416,	'Sinjai',	'2024-09-21 05:01:49',	'2024-09-21 05:01:49'),
(392,	28,	423,	'Soppeng',	'2024-09-21 05:01:49',	'2024-09-21 05:01:49'),
(393,	28,	448,	'Takalar',	'2024-09-21 05:01:49',	'2024-09-21 05:01:49'),
(394,	28,	451,	'Tana Toraja',	'2024-09-21 05:01:49',	'2024-09-21 05:01:49'),
(395,	28,	486,	'Toraja Utara',	'2024-09-21 05:01:49',	'2024-09-21 05:01:49'),
(396,	28,	493,	'Wajo',	'2024-09-21 05:01:49',	'2024-09-21 05:01:49'),
(397,	29,	25,	'Banggai',	'2024-09-21 05:01:50',	'2024-09-21 05:01:50'),
(398,	29,	26,	'Banggai Kepulauan',	'2024-09-21 05:01:50',	'2024-09-21 05:01:50'),
(399,	29,	98,	'Buol',	'2024-09-21 05:01:50',	'2024-09-21 05:01:50'),
(400,	29,	119,	'Donggala',	'2024-09-21 05:01:50',	'2024-09-21 05:01:50'),
(401,	29,	291,	'Morowali',	'2024-09-21 05:01:50',	'2024-09-21 05:01:50'),
(402,	29,	329,	'Palu',	'2024-09-21 05:01:50',	'2024-09-21 05:01:50'),
(403,	29,	338,	'Parigi Moutong',	'2024-09-21 05:01:50',	'2024-09-21 05:01:50'),
(404,	29,	366,	'Poso',	'2024-09-21 05:01:50',	'2024-09-21 05:01:50'),
(405,	29,	410,	'Sigi',	'2024-09-21 05:01:50',	'2024-09-21 05:01:50'),
(406,	29,	482,	'Tojo Una-Una',	'2024-09-21 05:01:50',	'2024-09-21 05:01:50'),
(407,	29,	483,	'Toli-Toli',	'2024-09-21 05:01:50',	'2024-09-21 05:01:50'),
(408,	30,	53,	'Bau-Bau',	'2024-09-21 05:01:51',	'2024-09-21 05:01:51'),
(409,	30,	85,	'Bombana',	'2024-09-21 05:01:51',	'2024-09-21 05:01:51'),
(410,	30,	101,	'Buton',	'2024-09-21 05:01:51',	'2024-09-21 05:01:51'),
(411,	30,	102,	'Buton Utara',	'2024-09-21 05:01:51',	'2024-09-21 05:01:51'),
(412,	30,	182,	'Kendari',	'2024-09-21 05:01:51',	'2024-09-21 05:01:51'),
(413,	30,	198,	'Kolaka',	'2024-09-21 05:01:51',	'2024-09-21 05:01:51'),
(414,	30,	199,	'Kolaka Utara',	'2024-09-21 05:01:51',	'2024-09-21 05:01:51'),
(415,	30,	200,	'Konawe',	'2024-09-21 05:01:51',	'2024-09-21 05:01:51'),
(416,	30,	201,	'Konawe Selatan',	'2024-09-21 05:01:51',	'2024-09-21 05:01:51'),
(417,	30,	202,	'Konawe Utara',	'2024-09-21 05:01:51',	'2024-09-21 05:01:51'),
(418,	30,	295,	'Muna',	'2024-09-21 05:01:51',	'2024-09-21 05:01:51'),
(419,	30,	494,	'Wakatobi',	'2024-09-21 05:01:51',	'2024-09-21 05:01:51'),
(420,	31,	73,	'Bitung',	'2024-09-21 05:01:52',	'2024-09-21 05:01:52'),
(421,	31,	81,	'Bolaang Mongondow (Bolmong)',	'2024-09-21 05:01:52',	'2024-09-21 05:01:52'),
(422,	31,	82,	'Bolaang Mongondow Selatan',	'2024-09-21 05:01:52',	'2024-09-21 05:01:52'),
(423,	31,	83,	'Bolaang Mongondow Timur',	'2024-09-21 05:01:52',	'2024-09-21 05:01:52'),
(424,	31,	84,	'Bolaang Mongondow Utara',	'2024-09-21 05:01:52',	'2024-09-21 05:01:52'),
(425,	31,	188,	'Kepulauan Sangihe',	'2024-09-21 05:01:52',	'2024-09-21 05:01:52'),
(426,	31,	190,	'Kepulauan Siau Tagulandang Biaro (Sitaro)',	'2024-09-21 05:01:52',	'2024-09-21 05:01:52'),
(427,	31,	192,	'Kepulauan Talaud',	'2024-09-21 05:01:52',	'2024-09-21 05:01:52'),
(428,	31,	204,	'Kotamobagu',	'2024-09-21 05:01:52',	'2024-09-21 05:01:52'),
(429,	31,	267,	'Manado',	'2024-09-21 05:01:52',	'2024-09-21 05:01:52'),
(430,	31,	285,	'Minahasa',	'2024-09-21 05:01:52',	'2024-09-21 05:01:52'),
(431,	31,	286,	'Minahasa Selatan',	'2024-09-21 05:01:52',	'2024-09-21 05:01:52'),
(432,	31,	287,	'Minahasa Tenggara',	'2024-09-21 05:01:52',	'2024-09-21 05:01:52'),
(433,	31,	288,	'Minahasa Utara',	'2024-09-21 05:01:52',	'2024-09-21 05:01:52'),
(434,	31,	485,	'Tomohon',	'2024-09-21 05:01:52',	'2024-09-21 05:01:52'),
(435,	32,	12,	'Agam',	'2024-09-21 05:01:54',	'2024-09-21 05:01:54'),
(436,	32,	93,	'Bukittinggi',	'2024-09-21 05:01:54',	'2024-09-21 05:01:54'),
(437,	32,	116,	'Dharmasraya',	'2024-09-21 05:01:54',	'2024-09-21 05:01:54'),
(438,	32,	186,	'Kepulauan Mentawai',	'2024-09-21 05:01:54',	'2024-09-21 05:01:54'),
(439,	32,	236,	'Lima Puluh Koto/Kota',	'2024-09-21 05:01:54',	'2024-09-21 05:01:54'),
(440,	32,	318,	'Padang',	'2024-09-21 05:01:54',	'2024-09-21 05:01:54'),
(441,	32,	321,	'Padang Panjang',	'2024-09-21 05:01:54',	'2024-09-21 05:01:54'),
(442,	32,	322,	'Padang Pariaman',	'2024-09-21 05:01:54',	'2024-09-21 05:01:54'),
(443,	32,	337,	'Pariaman',	'2024-09-21 05:01:54',	'2024-09-21 05:01:54'),
(444,	32,	339,	'Pasaman',	'2024-09-21 05:01:54',	'2024-09-21 05:01:54'),
(445,	32,	340,	'Pasaman Barat',	'2024-09-21 05:01:54',	'2024-09-21 05:01:54'),
(446,	32,	345,	'Payakumbuh',	'2024-09-21 05:01:54',	'2024-09-21 05:01:54'),
(447,	32,	357,	'Pesisir Selatan',	'2024-09-21 05:01:54',	'2024-09-21 05:01:54'),
(448,	32,	394,	'Sawah Lunto',	'2024-09-21 05:01:54',	'2024-09-21 05:01:54'),
(449,	32,	411,	'Sijunjung (Sawah Lunto Sijunjung)',	'2024-09-21 05:01:54',	'2024-09-21 05:01:54'),
(450,	32,	420,	'Solok',	'2024-09-21 05:01:54',	'2024-09-21 05:01:54'),
(451,	32,	421,	'Solok',	'2024-09-21 05:01:54',	'2024-09-21 05:01:54'),
(452,	32,	422,	'Solok Selatan',	'2024-09-21 05:01:54',	'2024-09-21 05:01:54'),
(453,	32,	453,	'Tanah Datar',	'2024-09-21 05:01:54',	'2024-09-21 05:01:54'),
(454,	33,	40,	'Banyuasin',	'2024-09-21 05:01:55',	'2024-09-21 05:01:55'),
(455,	33,	121,	'Empat Lawang',	'2024-09-21 05:01:55',	'2024-09-21 05:01:55'),
(456,	33,	220,	'Lahat',	'2024-09-21 05:01:55',	'2024-09-21 05:01:55'),
(457,	33,	242,	'Lubuk Linggau',	'2024-09-21 05:01:55',	'2024-09-21 05:01:55'),
(458,	33,	292,	'Muara Enim',	'2024-09-21 05:01:55',	'2024-09-21 05:01:55'),
(459,	33,	297,	'Musi Banyuasin',	'2024-09-21 05:01:55',	'2024-09-21 05:01:55'),
(460,	33,	298,	'Musi Rawas',	'2024-09-21 05:01:55',	'2024-09-21 05:01:55'),
(461,	33,	312,	'Ogan Ilir',	'2024-09-21 05:01:55',	'2024-09-21 05:01:55'),
(462,	33,	313,	'Ogan Komering Ilir',	'2024-09-21 05:01:55',	'2024-09-21 05:01:55'),
(463,	33,	314,	'Ogan Komering Ulu',	'2024-09-21 05:01:55',	'2024-09-21 05:01:55'),
(464,	33,	315,	'Ogan Komering Ulu Selatan',	'2024-09-21 05:01:55',	'2024-09-21 05:01:55'),
(465,	33,	316,	'Ogan Komering Ulu Timur',	'2024-09-21 05:01:55',	'2024-09-21 05:01:55'),
(466,	33,	324,	'Pagar Alam',	'2024-09-21 05:01:55',	'2024-09-21 05:01:55'),
(467,	33,	327,	'Palembang',	'2024-09-21 05:01:55',	'2024-09-21 05:01:55'),
(468,	33,	367,	'Prabumulih',	'2024-09-21 05:01:55',	'2024-09-21 05:01:55'),
(469,	34,	15,	'Asahan',	'2024-09-21 05:01:56',	'2024-09-21 05:01:56'),
(470,	34,	52,	'Batu Bara',	'2024-09-21 05:01:56',	'2024-09-21 05:01:56'),
(471,	34,	70,	'Binjai',	'2024-09-21 05:01:56',	'2024-09-21 05:01:56'),
(472,	34,	110,	'Dairi',	'2024-09-21 05:01:56',	'2024-09-21 05:01:56'),
(473,	34,	112,	'Deli Serdang',	'2024-09-21 05:01:56',	'2024-09-21 05:01:56'),
(474,	34,	137,	'Gunungsitoli',	'2024-09-21 05:01:56',	'2024-09-21 05:01:56'),
(475,	34,	146,	'Humbang Hasundutan',	'2024-09-21 05:01:56',	'2024-09-21 05:01:56'),
(476,	34,	173,	'Karo',	'2024-09-21 05:01:56',	'2024-09-21 05:01:56'),
(477,	34,	217,	'Labuhan Batu',	'2024-09-21 05:01:56',	'2024-09-21 05:01:56'),
(478,	34,	218,	'Labuhan Batu Selatan',	'2024-09-21 05:01:56',	'2024-09-21 05:01:56'),
(479,	34,	219,	'Labuhan Batu Utara',	'2024-09-21 05:01:56',	'2024-09-21 05:01:56'),
(480,	34,	229,	'Langkat',	'2024-09-21 05:01:56',	'2024-09-21 05:01:56'),
(481,	34,	268,	'Mandailing Natal',	'2024-09-21 05:01:56',	'2024-09-21 05:01:56'),
(482,	34,	278,	'Medan',	'2024-09-21 05:01:56',	'2024-09-21 05:01:56'),
(483,	34,	307,	'Nias',	'2024-09-21 05:01:56',	'2024-09-21 05:01:56'),
(484,	34,	308,	'Nias Barat',	'2024-09-21 05:01:56',	'2024-09-21 05:01:56'),
(485,	34,	309,	'Nias Selatan',	'2024-09-21 05:01:56',	'2024-09-21 05:01:56'),
(486,	34,	310,	'Nias Utara',	'2024-09-21 05:01:56',	'2024-09-21 05:01:56'),
(487,	34,	319,	'Padang Lawas',	'2024-09-21 05:01:56',	'2024-09-21 05:01:56'),
(488,	34,	320,	'Padang Lawas Utara',	'2024-09-21 05:01:56',	'2024-09-21 05:01:56'),
(489,	34,	323,	'Padang Sidempuan',	'2024-09-21 05:01:56',	'2024-09-21 05:01:56'),
(490,	34,	325,	'Pakpak Bharat',	'2024-09-21 05:01:56',	'2024-09-21 05:01:56'),
(491,	34,	353,	'Pematang Siantar',	'2024-09-21 05:01:56',	'2024-09-21 05:01:56'),
(492,	34,	389,	'Samosir',	'2024-09-21 05:01:56',	'2024-09-21 05:01:56'),
(493,	34,	404,	'Serdang Bedagai',	'2024-09-21 05:01:56',	'2024-09-21 05:01:56'),
(494,	34,	407,	'Sibolga',	'2024-09-21 05:01:56',	'2024-09-21 05:01:56'),
(495,	34,	413,	'Simalungun',	'2024-09-21 05:01:56',	'2024-09-21 05:01:56'),
(496,	34,	459,	'Tanjung Balai',	'2024-09-21 05:01:56',	'2024-09-21 05:01:56'),
(497,	34,	463,	'Tapanuli Selatan',	'2024-09-21 05:01:56',	'2024-09-21 05:01:56'),
(498,	34,	464,	'Tapanuli Tengah',	'2024-09-21 05:01:56',	'2024-09-21 05:01:56'),
(499,	34,	465,	'Tapanuli Utara',	'2024-09-21 05:01:56',	'2024-09-21 05:01:56'),
(500,	34,	470,	'Tebing Tinggi',	'2024-09-21 05:01:56',	'2024-09-21 05:01:56'),
(501,	34,	481,	'Toba Samosir',	'2024-09-21 05:01:56',	'2024-09-21 05:01:56');

DROP TABLE IF EXISTS `failed_jobs`;
CREATE TABLE `failed_jobs` (
  `id` bigint(20) unsigned NOT NULL AUTO_INCREMENT,
  `uuid` varchar(255) COLLATE utf8mb4_unicode_ci NOT NULL,
  `connection` text COLLATE utf8mb4_unicode_ci NOT NULL,
  `queue` text COLLATE utf8mb4_unicode_ci NOT NULL,
  `payload` longtext COLLATE utf8mb4_unicode_ci NOT NULL,
  `exception` longtext COLLATE utf8mb4_unicode_ci NOT NULL,
  `failed_at` timestamp NOT NULL DEFAULT CURRENT_TIMESTAMP,
  PRIMARY KEY (`id`),
  UNIQUE KEY `failed_jobs_uuid_unique` (`uuid`)
) ENGINE=InnoDB DEFAULT CHARSET=utf8mb4 COLLATE=utf8mb4_unicode_ci;


DROP TABLE IF EXISTS `jobs`;
CREATE TABLE `jobs` (
  `id` bigint(20) unsigned NOT NULL AUTO_INCREMENT,
  `queue` varchar(255) COLLATE utf8mb4_unicode_ci NOT NULL,
  `payload` longtext COLLATE utf8mb4_unicode_ci NOT NULL,
  `attempts` tinyint(3) unsigned NOT NULL,
  `reserved_at` int(10) unsigned DEFAULT NULL,
  `available_at` int(10) unsigned NOT NULL,
  `created_at` int(10) unsigned NOT NULL,
  PRIMARY KEY (`id`),
  KEY `jobs_queue_index` (`queue`)
) ENGINE=InnoDB DEFAULT CHARSET=utf8mb4 COLLATE=utf8mb4_unicode_ci;


DROP TABLE IF EXISTS `job_batches`;
CREATE TABLE `job_batches` (
  `id` varchar(255) COLLATE utf8mb4_unicode_ci NOT NULL,
  `name` varchar(255) COLLATE utf8mb4_unicode_ci NOT NULL,
  `total_jobs` int(11) NOT NULL,
  `pending_jobs` int(11) NOT NULL,
  `failed_jobs` int(11) NOT NULL,
  `failed_job_ids` longtext COLLATE utf8mb4_unicode_ci NOT NULL,
  `options` mediumtext COLLATE utf8mb4_unicode_ci,
  `cancelled_at` int(11) DEFAULT NULL,
  `created_at` int(11) NOT NULL,
  `finished_at` int(11) DEFAULT NULL,
  PRIMARY KEY (`id`)
) ENGINE=InnoDB DEFAULT CHARSET=utf8mb4 COLLATE=utf8mb4_unicode_ci;


DROP TABLE IF EXISTS `kategoris`;
CREATE TABLE `kategoris` (
  `id` bigint(20) unsigned NOT NULL AUTO_INCREMENT,
  `nama` varchar(255) COLLATE utf8mb4_unicode_ci NOT NULL,
  `foto` varchar(255) COLLATE utf8mb4_unicode_ci NOT NULL,
  `ket` text COLLATE utf8mb4_unicode_ci NOT NULL,
  `deleted_at` timestamp NULL DEFAULT NULL,
  `created_at` timestamp NULL DEFAULT NULL,
  `updated_at` timestamp NULL DEFAULT NULL,
  `slug` varchar(255) COLLATE utf8mb4_unicode_ci DEFAULT NULL,
  PRIMARY KEY (`id`),
  UNIQUE KEY `kategoris_slug_unique` (`slug`)
) ENGINE=InnoDB DEFAULT CHARSET=utf8mb4 COLLATE=utf8mb4_unicode_ci;

INSERT INTO `kategoris` (`id`, `nama`, `foto`, `ket`, `deleted_at`, `created_at`, `updated_at`, `slug`) VALUES
(9,	'Casual',	'images/kategori/1726127428_sneakers_776605.png',	'Sepatu kasual yang nyaman, cocok untuk gaya santai sehari-hari dengan desain modern dan fleksibel.',	NULL,	'2024-09-12 00:50:28',	'2024-09-12 19:06:34',	'casual'),
(10,	'Outdor',	'images/kategori/1726127532_shoe_9650861.png',	'Dirancang untuk menaklukkan berbagai medan, sepatu outdoor ini memberikan perlindungan ekstra dan daya tahan luar biasa',	NULL,	'2024-09-12 00:52:12',	'2024-09-12 19:07:24',	'outdor'),
(11,	'Sport',	'images/kategori/1726127554_football-boots_4768760.png',	'Sepatu sport ringan dan aerodinamis, mendukung setiap gerakanmu untuk performa terbaik dalam olahraga.',	NULL,	'2024-09-12 00:52:34',	'2024-09-12 19:07:39',	'sport'),
(12,	'nn',	'images/kategori/1726540736_AIR+JORDAN+1+RETRO+LOW+OG (1).jpeg',	'nrne',	'2024-09-16 19:39:18',	'2024-09-16 19:38:57',	'2024-09-16 19:39:18',	'nn');

DROP TABLE IF EXISTS `kontaks`;
CREATE TABLE `kontaks` (
  `id` bigint(20) unsigned NOT NULL AUTO_INCREMENT,
  `alamat` text COLLATE utf8mb4_unicode_ci NOT NULL,
  `no_hp` varchar(255) COLLATE utf8mb4_unicode_ci NOT NULL,
  `email` varchar(255) COLLATE utf8mb4_unicode_ci NOT NULL,
  `deleted_at` timestamp NULL DEFAULT NULL,
  `created_at` timestamp NULL DEFAULT NULL,
  `updated_at` timestamp NULL DEFAULT NULL,
  `province_id` bigint(20) unsigned DEFAULT NULL,
  `city_id` bigint(20) unsigned DEFAULT NULL,
  PRIMARY KEY (`id`)
) ENGINE=InnoDB DEFAULT CHARSET=utf8mb4 COLLATE=utf8mb4_unicode_ci;

INSERT INTO `kontaks` (`id`, `alamat`, `no_hp`, `email`, `deleted_at`, `created_at`, `updated_at`, `province_id`, `city_id`) VALUES
(15,	'jl.kemayoran no 9',	'083182718860',	'steadystride@gmail.com',	NULL,	'2024-09-10 21:10:37',	'2024-09-22 18:45:30',	32,	440);

DROP TABLE IF EXISTS `migrations`;
CREATE TABLE `migrations` (
  `id` int(10) unsigned NOT NULL AUTO_INCREMENT,
  `migration` varchar(255) COLLATE utf8mb4_unicode_ci NOT NULL,
  `batch` int(11) NOT NULL,
  PRIMARY KEY (`id`)
) ENGINE=InnoDB DEFAULT CHARSET=utf8mb4 COLLATE=utf8mb4_unicode_ci;

INSERT INTO `migrations` (`id`, `migration`, `batch`) VALUES
(1,	'0001_01_01_000000_create_users_table',	1),
(2,	'0001_01_01_000001_create_cache_table',	1),
(3,	'0001_01_01_000002_create_jobs_table',	1),
(4,	'2024_09_10_083341_create_brands_table',	2),
(5,	'2024_09_10_083352_create_kategoris_table',	2),
(6,	'2024_09_10_083359_create_sepatus_table',	2),
(7,	'2024_09_11_013742_create_kontaks_table',	3),
(8,	'2024_09_11_042604_create_tims_table',	4),
(9,	'2024_09_13_014649_add_slug_to_brands_table',	5),
(10,	'2024_09_13_020210_add_slug_to_kategoris_table',	6),
(11,	'2024_09_13_020943_create_sepatus_table',	7),
(13,	'2024_09_13_021325_create_sepatu_fotos_table',	8),
(14,	'2024_09_13_021924_add_sofdelets_to_sepatus_table',	8),
(15,	'2024_09_13_034224_create_sepatus_table',	9),
(16,	'2024_09_13_034451_create_sepatu_fotos_table',	10),
(17,	'2024_09_13_034509_create_sizes_table',	11),
(18,	'2024_09_17_023324_create_transaksis_table',	12),
(19,	'2024_09_17_031508_add_size_to_transaksis_table',	13),
(20,	'2024_09_20_073145_create_vouchers_table',	14),
(21,	'2024_09_21_115435_create_provinces_table',	15),
(22,	'2024_09_21_115441_create_cities_table',	15),
(23,	'2024_09_21_132942_add_city_to_nama_kontaks_table',	16),
(24,	'2024_09_22_064355_add_berat_to_sepatus',	17),
(25,	'2024_09_22_065607_add_province_to_sepatus',	18),
(26,	'2024_10_03_080726_create_permission_tables',	19);

DROP TABLE IF EXISTS `model_has_permissions`;
CREATE TABLE `model_has_permissions` (
  `permission_id` bigint(20) unsigned NOT NULL,
  `model_type` varchar(255) COLLATE utf8mb4_unicode_ci NOT NULL,
  `model_id` bigint(20) unsigned NOT NULL,
  PRIMARY KEY (`permission_id`,`model_id`,`model_type`),
  KEY `model_has_permissions_model_id_model_type_index` (`model_id`,`model_type`),
  CONSTRAINT `model_has_permissions_permission_id_foreign` FOREIGN KEY (`permission_id`) REFERENCES `permissions` (`id`) ON DELETE CASCADE
) ENGINE=InnoDB DEFAULT CHARSET=utf8mb4 COLLATE=utf8mb4_unicode_ci;


DROP TABLE IF EXISTS `model_has_roles`;
CREATE TABLE `model_has_roles` (
  `role_id` bigint(20) unsigned NOT NULL,
  `model_type` varchar(255) COLLATE utf8mb4_unicode_ci NOT NULL,
  `model_id` bigint(20) unsigned NOT NULL,
  PRIMARY KEY (`role_id`,`model_id`,`model_type`),
  KEY `model_has_roles_model_id_model_type_index` (`model_id`,`model_type`),
  CONSTRAINT `model_has_roles_role_id_foreign` FOREIGN KEY (`role_id`) REFERENCES `roles` (`id`) ON DELETE CASCADE
) ENGINE=InnoDB DEFAULT CHARSET=utf8mb4 COLLATE=utf8mb4_unicode_ci;

INSERT INTO `model_has_roles` (`role_id`, `model_type`, `model_id`) VALUES
(3,	'App\\Models\\User',	12),
(4,	'App\\Models\\User',	13),
(4,	'App\\Models\\User',	14);

DROP TABLE IF EXISTS `password_reset_tokens`;
CREATE TABLE `password_reset_tokens` (
  `email` varchar(255) COLLATE utf8mb4_unicode_ci NOT NULL,
  `token` varchar(255) COLLATE utf8mb4_unicode_ci NOT NULL,
  `created_at` timestamp NULL DEFAULT NULL,
  PRIMARY KEY (`email`)
) ENGINE=InnoDB DEFAULT CHARSET=utf8mb4 COLLATE=utf8mb4_unicode_ci;


DROP TABLE IF EXISTS `permissions`;
CREATE TABLE `permissions` (
  `id` bigint(20) unsigned NOT NULL AUTO_INCREMENT,
  `name` varchar(255) COLLATE utf8mb4_unicode_ci NOT NULL,
  `guard_name` varchar(255) COLLATE utf8mb4_unicode_ci NOT NULL,
  `created_at` timestamp NULL DEFAULT NULL,
  `updated_at` timestamp NULL DEFAULT NULL,
  PRIMARY KEY (`id`),
  UNIQUE KEY `permissions_name_guard_name_unique` (`name`,`guard_name`)
) ENGINE=InnoDB DEFAULT CHARSET=utf8mb4 COLLATE=utf8mb4_unicode_ci;

INSERT INTO `permissions` (`id`, `name`, `guard_name`, `created_at`, `updated_at`) VALUES
(6,	'tambah',	'web',	'2024-10-03 01:24:15',	'2024-10-03 01:24:15'),
(7,	'edit',	'web',	'2024-10-03 01:24:15',	'2024-10-03 01:24:15'),
(8,	'hapus',	'web',	'2024-10-03 01:24:15',	'2024-10-03 01:24:15'),
(9,	'lihat',	'web',	'2024-10-03 01:24:15',	'2024-10-03 01:24:15'),
(10,	'history',	'web',	'2024-10-03 01:24:15',	'2024-10-03 01:24:15');

DROP TABLE IF EXISTS `provinces`;
CREATE TABLE `provinces` (
  `id` bigint(20) unsigned NOT NULL AUTO_INCREMENT,
  `province_id` int(10) unsigned NOT NULL,
  `name` varchar(255) COLLATE utf8mb4_unicode_ci NOT NULL,
  `created_at` timestamp NULL DEFAULT NULL,
  `updated_at` timestamp NULL DEFAULT NULL,
  PRIMARY KEY (`id`)
) ENGINE=InnoDB DEFAULT CHARSET=utf8mb4 COLLATE=utf8mb4_unicode_ci;

INSERT INTO `provinces` (`id`, `province_id`, `name`, `created_at`, `updated_at`) VALUES
(1,	1,	'Bali',	'2024-09-21 05:01:13',	'2024-09-21 05:01:13'),
(2,	2,	'Bangka Belitung',	'2024-09-21 05:01:14',	'2024-09-21 05:01:14'),
(3,	3,	'Banten',	'2024-09-21 05:01:15',	'2024-09-21 05:01:15'),
(4,	4,	'Bengkulu',	'2024-09-21 05:01:16',	'2024-09-21 05:01:16'),
(5,	5,	'DI Yogyakarta',	'2024-09-21 05:01:18',	'2024-09-21 05:01:18'),
(6,	6,	'DKI Jakarta',	'2024-09-21 05:01:20',	'2024-09-21 05:01:20'),
(7,	7,	'Gorontalo',	'2024-09-21 05:01:21',	'2024-09-21 05:01:21'),
(8,	8,	'Jambi',	'2024-09-21 05:01:22',	'2024-09-21 05:01:22'),
(9,	9,	'Jawa Barat',	'2024-09-21 05:01:24',	'2024-09-21 05:01:24'),
(10,	10,	'Jawa Tengah',	'2024-09-21 05:01:25',	'2024-09-21 05:01:25'),
(11,	11,	'Jawa Timur',	'2024-09-21 05:01:26',	'2024-09-21 05:01:26'),
(12,	12,	'Kalimantan Barat',	'2024-09-21 05:01:27',	'2024-09-21 05:01:27'),
(13,	13,	'Kalimantan Selatan',	'2024-09-21 05:01:29',	'2024-09-21 05:01:29'),
(14,	14,	'Kalimantan Tengah',	'2024-09-21 05:01:30',	'2024-09-21 05:01:30'),
(15,	15,	'Kalimantan Timur',	'2024-09-21 05:01:31',	'2024-09-21 05:01:31'),
(16,	16,	'Kalimantan Utara',	'2024-09-21 05:01:32',	'2024-09-21 05:01:32'),
(17,	17,	'Kepulauan Riau',	'2024-09-21 05:01:34',	'2024-09-21 05:01:34'),
(18,	18,	'Lampung',	'2024-09-21 05:01:35',	'2024-09-21 05:01:35'),
(19,	19,	'Maluku',	'2024-09-21 05:01:36',	'2024-09-21 05:01:36'),
(20,	20,	'Maluku Utara',	'2024-09-21 05:01:37',	'2024-09-21 05:01:37'),
(21,	21,	'Nanggroe Aceh Darussalam (NAD)',	'2024-09-21 05:01:39',	'2024-09-21 05:01:39'),
(22,	22,	'Nusa Tenggara Barat (NTB)',	'2024-09-21 05:01:40',	'2024-09-21 05:01:40'),
(23,	23,	'Nusa Tenggara Timur (NTT)',	'2024-09-21 05:01:41',	'2024-09-21 05:01:41'),
(24,	24,	'Papua',	'2024-09-21 05:01:42',	'2024-09-21 05:01:42'),
(25,	25,	'Papua Barat',	'2024-09-21 05:01:44',	'2024-09-21 05:01:44'),
(26,	26,	'Riau',	'2024-09-21 05:01:45',	'2024-09-21 05:01:45'),
(27,	27,	'Sulawesi Barat',	'2024-09-21 05:01:46',	'2024-09-21 05:01:46'),
(28,	28,	'Sulawesi Selatan',	'2024-09-21 05:01:47',	'2024-09-21 05:01:47'),
(29,	29,	'Sulawesi Tengah',	'2024-09-21 05:01:49',	'2024-09-21 05:01:49'),
(30,	30,	'Sulawesi Tenggara',	'2024-09-21 05:01:50',	'2024-09-21 05:01:50'),
(31,	31,	'Sulawesi Utara',	'2024-09-21 05:01:51',	'2024-09-21 05:01:51'),
(32,	32,	'Sumatera Barat',	'2024-09-21 05:01:52',	'2024-09-21 05:01:52'),
(33,	33,	'Sumatera Selatan',	'2024-09-21 05:01:54',	'2024-09-21 05:01:54'),
(34,	34,	'Sumatera Utara',	'2024-09-21 05:01:55',	'2024-09-21 05:01:55');

DROP TABLE IF EXISTS `roles`;
CREATE TABLE `roles` (
  `id` bigint(20) unsigned NOT NULL AUTO_INCREMENT,
  `name` varchar(255) COLLATE utf8mb4_unicode_ci NOT NULL,
  `guard_name` varchar(255) COLLATE utf8mb4_unicode_ci NOT NULL,
  `created_at` timestamp NULL DEFAULT NULL,
  `updated_at` timestamp NULL DEFAULT NULL,
  PRIMARY KEY (`id`),
  UNIQUE KEY `roles_name_guard_name_unique` (`name`,`guard_name`)
) ENGINE=InnoDB DEFAULT CHARSET=utf8mb4 COLLATE=utf8mb4_unicode_ci;

INSERT INTO `roles` (`id`, `name`, `guard_name`, `created_at`, `updated_at`) VALUES
(3,	'admin',	'web',	'2024-10-03 01:24:15',	'2024-10-03 01:24:15'),
(4,	'masyarakat',	'web',	'2024-10-03 01:24:15',	'2024-10-03 01:24:15');

DROP TABLE IF EXISTS `role_has_permissions`;
CREATE TABLE `role_has_permissions` (
  `permission_id` bigint(20) unsigned NOT NULL,
  `role_id` bigint(20) unsigned NOT NULL,
  PRIMARY KEY (`permission_id`,`role_id`),
  KEY `role_has_permissions_role_id_foreign` (`role_id`),
  CONSTRAINT `role_has_permissions_permission_id_foreign` FOREIGN KEY (`permission_id`) REFERENCES `permissions` (`id`) ON DELETE CASCADE,
  CONSTRAINT `role_has_permissions_role_id_foreign` FOREIGN KEY (`role_id`) REFERENCES `roles` (`id`) ON DELETE CASCADE
) ENGINE=InnoDB DEFAULT CHARSET=utf8mb4 COLLATE=utf8mb4_unicode_ci;

INSERT INTO `role_has_permissions` (`permission_id`, `role_id`) VALUES
(6,	3),
(7,	3),
(8,	3),
(9,	3),
(10,	4);

DROP TABLE IF EXISTS `sepatus`;
CREATE TABLE `sepatus` (
  `id` bigint(20) unsigned NOT NULL AUTO_INCREMENT,
  `nama` varchar(255) COLLATE utf8mb4_unicode_ci NOT NULL,
  `harga` varchar(255) COLLATE utf8mb4_unicode_ci NOT NULL,
  `ket` text COLLATE utf8mb4_unicode_ci NOT NULL,
  `stock` varchar(255) COLLATE utf8mb4_unicode_ci NOT NULL,
  `popular` varchar(255) COLLATE utf8mb4_unicode_ci NOT NULL,
  `brands_id` bigint(20) unsigned NOT NULL,
  `kategori_id` bigint(20) unsigned NOT NULL,
  `slug` varchar(255) COLLATE utf8mb4_unicode_ci DEFAULT NULL,
  `deleted_at` timestamp NULL DEFAULT NULL,
  `created_at` timestamp NULL DEFAULT NULL,
  `updated_at` timestamp NULL DEFAULT NULL,
  `berat` varchar(255) COLLATE utf8mb4_unicode_ci NOT NULL,
  PRIMARY KEY (`id`),
  UNIQUE KEY `sepatus_slug_unique` (`slug`),
  KEY `brands_id` (`brands_id`),
  KEY `kategori_id` (`kategori_id`),
  CONSTRAINT `sepatus_ibfk_1` FOREIGN KEY (`brands_id`) REFERENCES `brands` (`id`) ON DELETE CASCADE ON UPDATE CASCADE,
  CONSTRAINT `sepatus_ibfk_2` FOREIGN KEY (`kategori_id`) REFERENCES `kategoris` (`id`) ON DELETE CASCADE ON UPDATE CASCADE
) ENGINE=InnoDB DEFAULT CHARSET=utf8mb4 COLLATE=utf8mb4_unicode_ci;

INSERT INTO `sepatus` (`id`, `nama`, `harga`, `ket`, `stock`, `popular`, `brands_id`, `kategori_id`, `slug`, `deleted_at`, `created_at`, `updated_at`, `berat`) VALUES
(27,	'Air Jordan 1 Low OG \'Wolf Grey\'',	'2199000',	'The Air Jordan 1 Low OG remakes the classic sneaker with new colours and textures. Premium materials and accents give fresh expression to an all-time favourite.',	'5',	'1',	1,	9,	'air-jordan-1-low-og-wolf-grey',	NULL,	'2024-09-14 07:16:23',	'2024-09-22 20:04:08',	'1000'),
(28,	'Nike Cortez Leather',	'1729000',	'You spoke. We listened. Based on your feedback, we\'ve revamped the original Cortez while maintaining the retro appeal you know and love. This leather version has a wider toe area and firmer side panels, so you can comfortably wear them day in and day out without any warping. And it\'s sporting one of our most sought-after colourways for a timeless look that\'s easy to style. Cortez fansthis one\'s for you.',	'4',	'2',	1,	9,	'nike-cortez-leather',	NULL,	'2024-09-14 07:21:32',	'2024-10-03 10:11:30',	'1000'),
(29,	'Air Jordan 1 Low SE',	'1939000',	'Show love to your furry friends in this special edition AJ1. Keeping the clean and classic look inspired by the \'85 original, it features textured laces and paw prints on the outsole for a fresh take on an all-time favourite.',	'5',	'2',	1,	9,	'air-jordan-1-low-se',	NULL,	'2024-09-14 07:24:19',	'2024-09-14 07:34:55',	'1000'),
(30,	'Nike Cortez Textile',	'1399000',	'You spoke. We listened. Based on your feedback, we\'ve revamped the original Cortez while maintaining the retro appeal you know and love. Now with a wider toe area and firmer side panels, you can comfortably wear them day in and day out. Plus, the textile upper has been re-engineered to help prevent warping or creasing. Cortez fansthis one\'s for you.',	'5',	'2',	1,	9,	'nike-cortez-textile',	NULL,	'2024-09-14 07:26:26',	'2024-09-21 01:58:35',	'1000'),
(31,	'Nike Offcourt',	'529000',	'These slides are designed to help you relax and recharge. Innovative dual-layered foam underfoot pairs with a plush strap to bring the comfort, while the iconic AF-1 pivot circle pattern on the outsole and block-letter branding casually nod to heritage hoops. What are you waiting for? Get lounging.',	'5',	'2',	1,	10,	'nike-offcourt',	NULL,	'2024-09-14 07:29:25',	'2024-09-22 19:09:41',	'1000'),
(32,	'Nike Offcourt EasyOn',	'609000',	'We worked with disabled athletes to create an adaptable slide that meets your specific needs. It features a heel strap that\'s fully removable, making it easier to slip on and off. When it comes to comfort and support, we\'ve got you covered with a padded top strap, contoured footbed and soft cushioning. The Offcourt slide is a great option for a prostheticor anyone who wants a quicker way to get going.',	'5',	'1',	1,	10,	'nike-offcourt-easyon',	NULL,	'2024-09-14 07:32:14',	'2024-09-22 19:28:27',	'1000'),
(33,	'Nike Offcourt Adjust',	'609000',	'Post game, errands and moreadjust your comfort on the go. The adjustable, padded strap lets you perfect your fit, while the lightweight foam midsole brings first-class comfort to your feet.',	'5',	'2',	1,	10,	'nike-offcourt-adjust',	NULL,	'2024-09-14 07:36:34',	'2024-09-21 02:47:28',	'1000'),
(35,	'Nike Air Max Furyosa NRG',	'1668000',	'With an edgy look inspired by the fast-paced running shoes of the \'90s, the Air Max Furyosa NRG brings a powerful new voice to fashion and comfort. The offset, stacked Nike Air in the heel delivers a bold statement in cushioning. Its heel pillow, plush collar and ultra-padded tongue make it feel like you\'ve just stepped into your favourite pair of slippers. If that\'s not enough, the dual-lace system lets you be as expressive as you want, adding DIY flair to the 5-star comfort.',	'5',	'2',	1,	10,	'nike-air-max-furyosa-nrg',	NULL,	'2024-09-14 07:40:30',	'2024-09-22 20:58:45',	'1000'),
(36,	'Nike Pegasus 41',	'2099000',	'Responsive cushioning in the Pegasus provides an energised ride for everyday road running. Experience lighter-weight energy return with dual Air Zoom units and a ReactX foam midsole. Plus, improved engineered mesh on the upper decreases weight and increases breathability.',	'5',	'2',	1,	11,	'nike-pegasus-41',	NULL,	'2024-09-14 07:42:55',	'2024-09-14 07:42:55',	'1000'),
(37,	'Nike Pegasus Trail 5 GORE-TEX',	'2669000',	'The winterized Pegasus Trail 5 provides wet-weather protection for trail running. A waterproof GORE-TEX upper, an all-terrain outsole and reflective design details help you comfortably take on the elements. With a ReactX foam midsole, it gives you responsive cushioning for an energised ride.',	'5',	'2',	1,	11,	'nike-pegasus-trail-5-gore-tex',	NULL,	'2024-09-14 07:45:00',	'2024-09-22 09:32:12',	'1000'),
(38,	'Luka 3 PF \'Motorsport\'',	'2099000',	'On the court, Luka sets his own pace. But put him behind the wheel and it\'s a whole different story. Inspired by MJ and Luka\'s mutual love of fast vehicles, this Luka 3 will have you reaching for your seatbelt with a design that nods to screeching tyres and burning rubber. A touch of elephant print roots the design to Jordan heritage, while lightweight, responsive foam helps you speed up and slow down so you can make space and score.',	'5',	'2',	1,	11,	'luka-3-pf-motorsport',	NULL,	'2024-09-14 07:46:46',	'2024-09-22 09:51:41',	'1000'),
(39,	'Tatum 2 PF',	'1909000',	'It\'s not over until you hear that buzzer. Fly through your game with energy to spare in the Tatum 2. It helps you stay light on your feet by limiting the use of heavy rubber. A full-length Nike Air Strobel unit helps support your quick shifts, and the frame pairs with supportive foam that moulds to your feet for a contained feel.',	'5',	'2',	1,	11,	'tatum-2-pf',	NULL,	'2024-09-14 07:48:12',	'2024-09-22 19:30:19',	'1000'),
(40,	'RUNNING Racer TR21 Shoes Pria GZ8184',	'770000',	'Bring the comfort and athletic style of running footwear to your everyday look in these adidas shoes. Step through your day confidently with a snug fit and a lightweight midsole that cushions your feet with every step.',	'5',	'2',	4,	11,	'running-racer-tr21-shoes-pria-gz8184',	NULL,	'2024-09-15 09:00:24',	'2024-09-15 09:02:32',	'1000'),
(41,	'RUNNING Sepatu Response Super 3.0 Wanita Pink HP5941',	'1400000',	'Semakin baik sensasi sepatumu, maka larimu akan semakin menyenangkan. Sepatu adidas ini didesain untuk memaksimalkan performa di semua area. Mengombinasikan Bounce di bagian tumit dengan Bounce+ di bagian underfoot untuk menghasilkan sensasi yang nyaman dan elastis. Upper ringan dan sejuk dengan outsole berbahan karet dengan daya cengkeram kuat. Bagian tumit yang dibuat dengan proses cetak terasa pas, sedangkan sockliner yang lembut membuat kakimu melangkah dengan nyaman.',	'5',	'2',	4,	11,	'running-sepatu-response-super-30-wanita-pink-hp5941',	NULL,	'2024-09-15 09:04:21',	'2024-09-15 09:04:21',	'1000'),
(42,	'RUNNING Sepatu Pureboost 23 Pria HItam IF2376',	'2100000',	'Menjalani sesi lari harian menjadi hal yang menyenangkan dengan sepatu running adidas Pureboost 23. BOOST ukuran penuh memberikan pengembalian energi terbaik, dan lubang-lubang strategis di sepanjang outsole berbahan karet memungkinkan busa untuk memampat dan meregang saat berlari. Upper berbahan mesh rekayasa yang ringan memaksimalkan bersirkulasi udara di bagian kaki dengan potensi panas dan suportif di bagian yang diperlukan, menghasilkan pengalaman lari yang nyaman dari jari hingga tumit.',	'5',	'2',	4,	11,	'running-sepatu-pureboost-23-pria-hitam-if2376',	NULL,	'2024-09-15 09:05:49',	'2024-09-15 09:05:49',	'1000'),
(43,	'RUNNING Run 60s 2.0 Shoes Pria Putih GX1739',	'630000',	'Heritage adidas vibes come through in these running-inspired shoes. Bringing together the best of classic track design and the clean lines of modern streetwear, they have a timeless feel that\'s easy to pair with your day-to-day look.',	'5',	'2',	4,	11,	'running-run-60s-20-shoes-pria-putih-gx1739',	NULL,	'2024-09-15 09:07:16',	'2024-09-15 09:07:16',	'1000'),
(44,	'Court Casual Grand Court TD',	'950000',	'Sepatu yang senantiasa klasik. Sepatu adidas Grand Court ini sudah ada sejak era \'70-an. Setelah kamu mengenakan versi klasik yang diperbarui ini, sepatu ini tidak akan pernah jauh dari kakimu. 3-Stripes menambahkan corak sporty pada pakaian apa pun.',	'5',	'2',	4,	9,	'court-casual-grand-court-td',	NULL,	'2024-09-15 09:09:46',	'2024-09-15 09:09:46',	'1000'),
(45,	'TENNIS Sepatu Advantage Base Court',	'950000',	'Hadirkan nuansa klasik pada tampilan sehari-harimu dengan sepatu adidas ini. Upper dari bahan kulit sintetis yang awet tapi lembut, terasa pas dan nyaman. 3-Stripes berbentuk lubang-lubang kecil dan outsole berbahan karet melengkapi tampilan sepatu dengan inspirasi tenis yang ikonis.',	'5',	'2',	4,	9,	'tennis-sepatu-advantage-base-court',	NULL,	'2024-09-15 09:11:37',	'2024-09-26 07:41:55',	'1000'),
(46,	'Breaknet 2.0 Pria Hitam IG5385',	'900000',	'Breaknet 2.0 Pria Hitam IG5385',	'5',	'2',	4,	9,	'breaknet-20-pria-hitam-ig5385',	NULL,	'2024-09-15 19:46:19',	'2024-09-15 19:46:19',	'1000'),
(47,	'Sleek Shoes Wanita Putih IH1295',	'1200000',	'Sleek Shoes Wanita Putih IH1295',	'5',	'2',	4,	9,	'sleek-shoes-wanita-putih-ih1295',	NULL,	'2024-09-15 19:48:07',	'2024-09-22 20:41:55',	'1000'),
(48,	'SWIM Slides Mandi Adilette Unisex Biru IE8946',	'315000',	'SWIM Slides Mandi Adilette Unisex Biru IE8946',	'5',	'2',	4,	10,	'swim-slides-mandi-adilette-unisex-biru-ie8946',	NULL,	'2024-09-15 21:00:18',	'2024-09-15 21:00:18',	'1000'),
(49,	'SWIM Adilette Comfort Slides Unisex Biru IF8655',	'420000',	'SWIM Adilette Comfort Slides Unisex Biru IF8655',	'5',	'2',	4,	10,	'swim-adilette-comfort-slides-unisex-biru-if8655',	NULL,	'2024-09-15 21:02:21',	'2024-09-15 21:02:21',	'1000'),
(50,	'SWIM Slides Adilette Aqua Unisex Hijau IH2690',	'380000',	'SWIM Slides Adilette Aqua Unisex Hijau IH2690',	'5',	'2',	4,	10,	'swim-slides-adilette-aqua-unisex-hijau-ih2690',	NULL,	'2024-09-15 21:03:57',	'2024-09-21 01:57:10',	'1000'),
(51,	'SWIM Slides Adilette Comfort Unisex Ungu IG1121',	'420000',	'SWIM Slides Adilette Comfort Unisex Ungu IG1121',	'5',	'2',	4,	9,	'swim-slides-adilette-comfort-unisex-ungu-ig1121',	NULL,	'2024-09-15 21:05:33',	'2024-09-15 21:05:33',	'1000'),
(52,	'AS-1 Pro',	'1599000',	'CLASSIC ALEXIS Didesain oleh Alexis Sablone, AS-1 Pro yang dinamis mendapatkan pembaharuan. Ia memiliki tampilan dari barang terfavorit tahun 90an, dengan teknologi performa inovatif untuk membantu Anda berseluncur menuju yang terbaik.',	'5',	'2',	6,	9,	'as-1-pro',	NULL,	'2024-09-15 21:11:43',	'2024-09-15 21:11:43',	'1000'),
(53,	'Pro Blaze V2',	'799200',	'Pro Blaze V2',	'5',	'2',	6,	9,	'pro-blaze-v2',	NULL,	'2024-09-15 21:14:29',	'2024-09-17 22:09:05',	'1000'),
(54,	'Star Player 76',	'1299000',	'SUEDE TAKEOVER Star Player 76 adalah ikon yang berasal dari dunia olahraga dan dilahirkan kembali untuk jalanan. Sekarang hadir dalam seude dengan detail kulit sesuai dengan sepatu skate, dan warna yang terinspirasi dari perlengkapan luar ruangan',	'5',	'2',	6,	9,	'star-player-76',	NULL,	'2024-09-15 21:16:03',	'2024-09-21 01:55:59',	'1000'),
(56,	'AS-1 ProAA',	'1279200',	'SIGNATURE ALEXIS Didesain langsung oleh Alexis Sablone, Sneaker AS-1 Pro ini hadir dengan menampilkan perpaduan antara detail khas Converse dan teknologi sepatu skate modern. Sneaker ini menampilkan estetika sepatu skate cupsol tahun 90-an yang dipadukan',	'3',	'2',	6,	9,	'as-1-proaa',	NULL,	'2024-09-15 21:17:56',	'2024-09-26 07:38:47',	'1000'),
(57,	'new balance pro',	'2500000',	'New blance terbaik',	'3',	'1',	8,	9,	'new-balance-pro',	NULL,	'2024-09-26 20:34:39',	'2024-09-26 20:42:26',	'1000');

DROP TABLE IF EXISTS `sepatu_fotos`;
CREATE TABLE `sepatu_fotos` (
  `id` bigint(20) unsigned NOT NULL AUTO_INCREMENT,
  `foto` varchar(255) COLLATE utf8mb4_unicode_ci NOT NULL,
  `sepatu_id` bigint(20) unsigned NOT NULL,
  `deleted_at` timestamp NULL DEFAULT NULL,
  `created_at` timestamp NULL DEFAULT NULL,
  `updated_at` timestamp NULL DEFAULT NULL,
  PRIMARY KEY (`id`),
  KEY `sepatu_fotos_sepatu_id_foreign` (`sepatu_id`),
  CONSTRAINT `sepatu_fotos_sepatu_id_foreign` FOREIGN KEY (`sepatu_id`) REFERENCES `sepatus` (`id`)
) ENGINE=InnoDB DEFAULT CHARSET=utf8mb4 COLLATE=utf8mb4_unicode_ci;

INSERT INTO `sepatu_fotos` (`id`, `foto`, `sepatu_id`, `deleted_at`, `created_at`, `updated_at`) VALUES
(41,	'images/sepatu/1726323383_AIR+JORDAN+1+RETRO+LOW+OG (2).jpeg',	27,	NULL,	'2024-09-14 07:16:24',	'2024-09-14 07:16:24'),
(42,	'images/sepatu/1726323384_AIR+JORDAN+1+RETRO+LOW+OG.png',	27,	NULL,	'2024-09-14 07:16:24',	'2024-09-14 07:16:24'),
(43,	'images/sepatu/1726323384_AIR+JORDAN+1+RETRO+LOW+OG (1).jpeg',	27,	NULL,	'2024-09-14 07:16:24',	'2024-09-14 07:16:24'),
(44,	'images/sepatu/1726323384_AIR+JORDAN+1+RETRO+LOW+OG.jpeg',	27,	NULL,	'2024-09-14 07:16:25',	'2024-09-14 07:16:25'),
(45,	'images/sepatu/1726323692_NIKE+CORTEZ (3).png',	28,	NULL,	'2024-09-14 07:21:32',	'2024-09-14 07:21:32'),
(46,	'images/sepatu/1726323692_NIKE+CORTEZ (2).png',	28,	NULL,	'2024-09-14 07:21:33',	'2024-09-14 07:21:33'),
(47,	'images/sepatu/1726323693_NIKE+CORTEZ (1).png',	28,	NULL,	'2024-09-14 07:21:33',	'2024-09-14 07:21:33'),
(48,	'images/sepatu/1726323693_NIKE+CORTEZ.png',	28,	NULL,	'2024-09-14 07:21:33',	'2024-09-14 07:21:33'),
(49,	'images/sepatu/1726323859_WMNS+AIR+JORDAN+1+LOW+SE (3).png',	29,	NULL,	'2024-09-14 07:24:20',	'2024-09-14 07:24:20'),
(50,	'images/sepatu/1726323860_WMNS+AIR+JORDAN+1+LOW+SE (2).png',	29,	NULL,	'2024-09-14 07:24:20',	'2024-09-14 07:24:20'),
(51,	'images/sepatu/1726323860_WMNS+AIR+JORDAN+1+LOW+SE (1).png',	29,	NULL,	'2024-09-14 07:24:20',	'2024-09-14 07:24:20'),
(52,	'images/sepatu/1726323860_WMNS+AIR+JORDAN+1+LOW+SE.png',	29,	NULL,	'2024-09-14 07:24:20',	'2024-09-14 07:24:20'),
(53,	'images/sepatu/1726323986_NIKE+CORTEZ+TXT (1).png',	30,	NULL,	'2024-09-14 07:26:26',	'2024-09-14 07:26:26'),
(54,	'images/sepatu/1726323986_NIKE+CORTEZ+TXT (1).jpeg',	30,	NULL,	'2024-09-14 07:26:26',	'2024-09-14 07:26:26'),
(55,	'images/sepatu/1726323986_NIKE+CORTEZ+TXT.png',	30,	NULL,	'2024-09-14 07:26:26',	'2024-09-14 07:26:26'),
(56,	'images/sepatu/1726323986_NIKE+CORTEZ+TXT.jpeg',	30,	NULL,	'2024-09-14 07:26:27',	'2024-09-14 07:26:27'),
(57,	'images/sepatu/1726324165_NIKE+OFFCOURT+SLIDE (3).png',	31,	NULL,	'2024-09-14 07:29:25',	'2024-09-14 07:29:25'),
(58,	'images/sepatu/1726324165_NIKE+OFFCOURT+SLIDE (2).png',	31,	NULL,	'2024-09-14 07:29:25',	'2024-09-14 07:29:25'),
(59,	'images/sepatu/1726324165_NIKE+OFFCOURT+SLIDE (1).png',	31,	NULL,	'2024-09-14 07:29:26',	'2024-09-14 07:29:26'),
(60,	'images/sepatu/1726324166_NIKE+OFFCOURT+SLIDE.png',	31,	NULL,	'2024-09-14 07:29:26',	'2024-09-14 07:29:26'),
(61,	'images/sepatu/1726324334_NIKE+OFFCOURT+EASYON+SLIDE.jpeg',	32,	NULL,	'2024-09-14 07:32:14',	'2024-09-14 07:32:14'),
(62,	'images/sepatu/1726324334_NIKE+OFFCOURT+EASYON+SLIDE (2).png',	32,	NULL,	'2024-09-14 07:32:15',	'2024-09-14 07:32:15'),
(63,	'images/sepatu/1726324335_NIKE+OFFCOURT+EASYON+SLIDE (1).png',	32,	NULL,	'2024-09-14 07:32:15',	'2024-09-14 07:32:15'),
(64,	'images/sepatu/1726324335_NIKE+OFFCOURT+EASYON+SLIDE.png',	32,	NULL,	'2024-09-14 07:32:15',	'2024-09-14 07:32:15'),
(65,	'images/sepatu/1726324594_NIKE+OFFCOURT+ADJUST+SLIDE (3).png',	33,	NULL,	'2024-09-14 07:36:35',	'2024-09-14 07:36:35'),
(66,	'images/sepatu/1726324595_NIKE+OFFCOURT+ADJUST+SLIDE (2).png',	33,	NULL,	'2024-09-14 07:36:35',	'2024-09-14 07:36:35'),
(67,	'images/sepatu/1726324595_NIKE+OFFCOURT+ADJUST+SLIDE (1).png',	33,	NULL,	'2024-09-14 07:36:35',	'2024-09-14 07:36:35'),
(68,	'images/sepatu/1726324595_NIKE+OFFCOURT+ADJUST+SLIDE.png',	33,	NULL,	'2024-09-14 07:36:36',	'2024-09-14 07:36:36'),
(69,	'images/sepatu/1726324830_W+NIKE+OFFCOURT+ADJUST+SLIDE (3).png',	35,	NULL,	'2024-09-14 07:40:30',	'2024-09-14 07:40:30'),
(70,	'images/sepatu/1726324830_W+NIKE+OFFCOURT+ADJUST+SLIDE (2).png',	35,	NULL,	'2024-09-14 07:40:31',	'2024-09-14 07:40:31'),
(71,	'images/sepatu/1726324831_W+NIKE+OFFCOURT+ADJUST+SLIDE (1).png',	35,	NULL,	'2024-09-14 07:40:31',	'2024-09-14 07:40:31'),
(72,	'images/sepatu/1726324831_W+NIKE+OFFCOURT+ADJUST+SLIDE.png',	35,	NULL,	'2024-09-14 07:40:31',	'2024-09-14 07:40:31'),
(73,	'images/sepatu/1726324975_W+AIR+ZOOM+PEGASUS+41 (3).png',	36,	NULL,	'2024-09-14 07:42:55',	'2024-09-14 07:42:55'),
(74,	'images/sepatu/1726324975_W+AIR+ZOOM+PEGASUS+41 (2).png',	36,	NULL,	'2024-09-14 07:42:56',	'2024-09-14 07:42:56'),
(75,	'images/sepatu/1726324976_W+AIR+ZOOM+PEGASUS+41 (1).png',	36,	NULL,	'2024-09-14 07:42:56',	'2024-09-14 07:42:56'),
(76,	'images/sepatu/1726324976_W+AIR+ZOOM+PEGASUS+41.png',	36,	NULL,	'2024-09-14 07:42:56',	'2024-09-14 07:42:56'),
(77,	'images/sepatu/1726325100_W+PEGASUS+TRAIL+5+GTX.jpeg',	37,	NULL,	'2024-09-14 07:45:02',	'2024-09-14 07:45:02'),
(78,	'images/sepatu/1726325102_W+PEGASUS+TRAIL+5+GTX (2).png',	37,	NULL,	'2024-09-14 07:45:02',	'2024-09-14 07:45:02'),
(79,	'images/sepatu/1726325102_W+PEGASUS+TRAIL+5+GTX (1).png',	37,	NULL,	'2024-09-14 07:45:02',	'2024-09-14 07:45:02'),
(80,	'images/sepatu/1726325102_W+PEGASUS+TRAIL+5+GTX.png',	37,	NULL,	'2024-09-14 07:45:02',	'2024-09-14 07:45:02'),
(81,	'images/sepatu/1726325206_JORDAN+LUKA+3+PF (2).png',	38,	NULL,	'2024-09-14 07:46:47',	'2024-09-14 07:46:47'),
(82,	'images/sepatu/1726325207_JORDAN+LUKA+3+PF (1).png',	38,	NULL,	'2024-09-14 07:46:47',	'2024-09-14 07:46:47'),
(83,	'images/sepatu/1726325207_JORDAN+LUKA+3+PF.png',	38,	NULL,	'2024-09-14 07:46:47',	'2024-09-14 07:46:47'),
(84,	'images/sepatu/1726325207_JORDAN+LUKA+3+PF.jpeg',	38,	NULL,	'2024-09-14 07:46:48',	'2024-09-14 07:46:48'),
(85,	'images/sepatu/1726325292_JORDAN+TATUM+2+GPX+PF (1).jpeg',	39,	NULL,	'2024-09-14 07:48:12',	'2024-09-14 07:48:12'),
(86,	'images/sepatu/1726325292_JORDAN+TATUM+2+GPX+PF.jpeg',	39,	NULL,	'2024-09-14 07:48:12',	'2024-09-14 07:48:12'),
(87,	'images/sepatu/1726325292_JORDAN+TATUM+2+GPX+PF (1).png',	39,	NULL,	'2024-09-14 07:48:13',	'2024-09-14 07:48:13'),
(88,	'images/sepatu/1726325293_JORDAN+TATUM+2+GPX+PF.png',	39,	NULL,	'2024-09-14 07:48:13',	'2024-09-14 07:48:13'),
(89,	'images/sepatu/1726416024_id-11134201-7r98x-m04bm63rilaf46.webp',	40,	NULL,	'2024-09-15 09:00:24',	'2024-09-15 09:00:24'),
(91,	'images/sepatu/1726416152_id-11134201-7r98r-m04bm669excsc8.webp',	40,	NULL,	'2024-09-15 09:02:32',	'2024-09-15 09:02:32'),
(92,	'images/sepatu/1726416152_id-11134201-7r98r-m04bm605nuwnc3.webp',	40,	NULL,	'2024-09-15 09:02:32',	'2024-09-15 09:02:32'),
(93,	'images/sepatu/1726416261_id-11134201-7r98q-m04b7aob1vik71.webp',	41,	NULL,	'2024-09-15 09:04:21',	'2024-09-15 09:04:21'),
(94,	'images/sepatu/1726416261_id-11134201-7r98z-m04b7aob3a30e3.webp',	41,	NULL,	'2024-09-15 09:04:21',	'2024-09-15 09:04:21'),
(95,	'images/sepatu/1726416261_id-11134201-7r98q-m04b7apf32g069.webp',	41,	NULL,	'2024-09-15 09:04:21',	'2024-09-15 09:04:21'),
(96,	'images/sepatu/1726416261_id-11134201-7r98s-m04b7ajl8sji3f.webp',	41,	NULL,	'2024-09-15 09:04:21',	'2024-09-15 09:04:21'),
(97,	'images/sepatu/1726416349_id-11134201-7r98v-m048s35dd97xa7.webp',	42,	NULL,	'2024-09-15 09:05:50',	'2024-09-15 09:05:50'),
(98,	'images/sepatu/1726416350_id-11134201-7r98p-m048s35ncv6nb5.webp',	42,	NULL,	'2024-09-15 09:05:50',	'2024-09-15 09:05:50'),
(99,	'images/sepatu/1726416350_id-11134201-7r991-m048s35ncumgba.webp',	42,	NULL,	'2024-09-15 09:05:50',	'2024-09-15 09:05:50'),
(100,	'images/sepatu/1726416350_id-11134201-7r98z-m048s321i4mlf2.webp',	42,	NULL,	'2024-09-15 09:05:50',	'2024-09-15 09:05:50'),
(101,	'images/sepatu/1726416436_id-11134201-7r98v-m048q1v8lufb63.webp',	43,	NULL,	'2024-09-15 09:07:16',	'2024-09-15 09:07:16'),
(102,	'images/sepatu/1726416436_id-11134201-7r98q-m048q1vilgbj69.webp',	43,	NULL,	'2024-09-15 09:07:16',	'2024-09-15 09:07:16'),
(103,	'images/sepatu/1726416436_id-11134201-7r98t-m048q1vimuv63a.webp',	43,	NULL,	'2024-09-15 09:07:16',	'2024-09-15 09:07:16'),
(104,	'images/sepatu/1726416436_id-11134201-7r98y-m048q1qstqsv34.webp',	43,	NULL,	'2024-09-15 09:07:16',	'2024-09-15 09:07:16'),
(105,	'images/sepatu/1726416586_id-11134201-7r98w-m04aod2gi1os26.webp',	44,	NULL,	'2024-09-15 09:09:46',	'2024-09-15 09:09:46'),
(106,	'images/sepatu/1726416586_id-11134201-7r991-m04aod26igse99.webp',	44,	NULL,	'2024-09-15 09:09:46',	'2024-09-15 09:09:46'),
(107,	'images/sepatu/1726416586_id-11134201-7r98z-m04aod1wivd39b.webp',	44,	NULL,	'2024-09-15 09:09:46',	'2024-09-15 09:09:46'),
(108,	'images/sepatu/1726416586_id-11134201-7r98z-m04aoczemiym89.webp',	44,	NULL,	'2024-09-15 09:09:46',	'2024-09-15 09:09:46'),
(109,	'images/sepatu/1726416697_id-11134201-7r98p-m04afg5y3r4w87.webp',	45,	NULL,	'2024-09-15 09:11:38',	'2024-09-15 09:11:38'),
(110,	'images/sepatu/1726416698_id-11134201-7r98v-m04afg6i4cp36c.webp',	45,	NULL,	'2024-09-15 09:11:38',	'2024-09-15 09:11:38'),
(111,	'images/sepatu/1726416698_id-11134201-7r98x-m04afg683ciobe.webp',	45,	NULL,	'2024-09-15 09:11:38',	'2024-09-15 09:11:38'),
(112,	'images/sepatu/1726416698_id-11134201-7r991-m04afg2c90y42a.webp',	45,	NULL,	'2024-09-15 09:11:38',	'2024-09-15 09:11:38'),
(113,	'images/sepatu/1726454779_id-11134201-7r98w-m049pam1ya8s3c.webp',	46,	NULL,	'2024-09-15 19:46:19',	'2024-09-15 19:46:19'),
(114,	'images/sepatu/1726454779_id-11134201-7r98t-m049panzvft867.webp',	46,	NULL,	'2024-09-15 19:46:19',	'2024-09-15 19:46:19'),
(115,	'images/sepatu/1726454779_id-11134201-7r98q-m049paqhulhy75.webp',	46,	NULL,	'2024-09-15 19:46:19',	'2024-09-15 19:46:19'),
(116,	'images/sepatu/1726454779_id-11134201-7r98s-m049pahm4s46de.webp',	46,	NULL,	'2024-09-15 19:46:20',	'2024-09-15 19:46:20'),
(117,	'images/sepatu/1726454887_id-11134201-7r98u-m048t581oub96d.webp',	47,	NULL,	'2024-09-15 19:48:07',	'2024-09-15 19:48:07'),
(118,	'images/sepatu/1726454887_id-11134201-7r98x-m048t57s3apb35.webp',	47,	NULL,	'2024-09-15 19:48:07',	'2024-09-15 19:48:07'),
(119,	'images/sepatu/1726454887_id-11134201-7r98w-m048t58lmmmg73.webp',	47,	NULL,	'2024-09-15 19:48:07',	'2024-09-15 19:48:07'),
(120,	'images/sepatu/1726454887_id-11134201-7r98q-m048t54fspxjd0.webp',	47,	NULL,	'2024-09-15 19:48:07',	'2024-09-15 19:48:07'),
(121,	'images/sepatu/1726459218_id-11134201-7r991-m048r3jhik8i45.webp',	48,	NULL,	'2024-09-15 21:00:19',	'2024-09-15 21:00:19'),
(122,	'images/sepatu/1726459219_id-11134201-7r98s-m048r3iniczre6.webp',	48,	NULL,	'2024-09-15 21:00:19',	'2024-09-15 21:00:19'),
(123,	'images/sepatu/1726459219_id-11134201-7r990-m048r3hjjzgnb9.webp',	48,	NULL,	'2024-09-15 21:00:19',	'2024-09-15 21:00:19'),
(124,	'images/sepatu/1726459219_id-11134201-7r98r-m048r3f24hs88d.webp',	48,	NULL,	'2024-09-15 21:00:19',	'2024-09-15 21:00:19'),
(125,	'images/sepatu/1726459341_id-11134201-7r98w-m048zabo3hvr8b.webp',	49,	NULL,	'2024-09-15 21:02:22',	'2024-09-15 21:02:22'),
(126,	'images/sepatu/1726459342_id-11134201-7r98p-m048zab44bn6f4.webp',	49,	NULL,	'2024-09-15 21:02:22',	'2024-09-15 21:02:22'),
(127,	'images/sepatu/1726459342_id-11134201-7r990-m048zaby33siae.webp',	49,	NULL,	'2024-09-15 21:02:22',	'2024-09-15 21:02:22'),
(128,	'images/sepatu/1726459342_id-11134201-7r98v-m048za7s96gd09.webp',	49,	NULL,	'2024-09-15 21:02:22',	'2024-09-15 21:02:22'),
(129,	'images/sepatu/1726459437_id-11134201-7r991-m048qihgbu4n4b.webp',	50,	NULL,	'2024-09-15 21:03:57',	'2024-09-15 21:03:57'),
(130,	'images/sepatu/1726459437_id-11134201-7r98y-m048qih6auo247.webp',	50,	NULL,	'2024-09-15 21:03:57',	'2024-09-15 21:03:57'),
(131,	'images/sepatu/1726459437_id-11134201-7r98y-m048qihgafhp61.webp',	50,	NULL,	'2024-09-15 21:03:57',	'2024-09-15 21:03:57'),
(132,	'images/sepatu/1726459437_id-11134201-7r992-m048qih6au0l5b.webp',	50,	NULL,	'2024-09-15 21:03:57',	'2024-09-15 21:03:57'),
(133,	'images/sepatu/1726459533_id-11134201-7r98v-m048zabe3wzmd8.webp',	51,	NULL,	'2024-09-15 21:05:33',	'2024-09-15 21:05:33'),
(134,	'images/sepatu/1726459533_id-11134201-7r98p-m048zadm0o2nb5.webp',	51,	NULL,	'2024-09-15 21:05:33',	'2024-09-15 21:05:33'),
(135,	'images/sepatu/1726459533_id-11134201-7r98p-m048zaby339j43.webp',	51,	NULL,	'2024-09-15 21:05:33',	'2024-09-15 21:05:33'),
(136,	'images/sepatu/1726459533_id-11134201-7r98p-m048za7iazpjbe.webp',	51,	NULL,	'2024-09-15 21:05:34',	'2024-09-15 21:05:34'),
(137,	'images/sepatu/1726459903_0888-CONA08479C00W09H-4.webp',	52,	NULL,	'2024-09-15 21:11:43',	'2024-09-15 21:11:43'),
(138,	'images/sepatu/1726459903_0888-CONA08479C00W09H-5.webp',	52,	NULL,	'2024-09-15 21:11:43',	'2024-09-15 21:11:43'),
(139,	'images/sepatu/1726459903_0888-CONA08479C00W09H-3.webp',	52,	NULL,	'2024-09-15 21:11:43',	'2024-09-15 21:11:43'),
(140,	'images/sepatu/1726459903_0888-CONA08479C00W09H-1.webp',	52,	NULL,	'2024-09-15 21:11:43',	'2024-09-15 21:11:43'),
(141,	'images/sepatu/1726460069_0888-CONA06629C00W09H-6.webp',	53,	NULL,	'2024-09-15 21:14:29',	'2024-09-15 21:14:29'),
(142,	'images/sepatu/1726460069_0888-CONA06629C00W09H-4.webp',	53,	NULL,	'2024-09-15 21:14:29',	'2024-09-15 21:14:29'),
(143,	'images/sepatu/1726460069_0888-CONA06629C00W09H-3.webp',	53,	NULL,	'2024-09-15 21:14:29',	'2024-09-15 21:14:29'),
(144,	'images/sepatu/1726460069_0888-CONA06629C00W09H-2.webp',	53,	NULL,	'2024-09-15 21:14:29',	'2024-09-15 21:14:29'),
(145,	'images/sepatu/1726460163_0888-CONA11532C70009H-6.webp',	54,	NULL,	'2024-09-15 21:16:03',	'2024-09-15 21:16:03'),
(146,	'images/sepatu/1726460163_0888-CONA11532C70009H-4.webp',	54,	NULL,	'2024-09-15 21:16:03',	'2024-09-15 21:16:03'),
(147,	'images/sepatu/1726460163_0888-CONA11532C70009H-3.webp',	54,	NULL,	'2024-09-15 21:16:03',	'2024-09-15 21:16:03'),
(148,	'images/sepatu/1726460163_0888-CONA11532C70009H-2.webp',	54,	NULL,	'2024-09-15 21:16:03',	'2024-09-15 21:16:03'),
(149,	'images/sepatu/1726460276_0888-CONA07327C70009H-6.webp',	56,	NULL,	'2024-09-15 21:17:56',	'2024-09-15 21:17:56'),
(150,	'images/sepatu/1726460276_0888-CONA07327C70009H-4.webp',	56,	NULL,	'2024-09-15 21:17:56',	'2024-09-15 21:17:56'),
(151,	'images/sepatu/1726460276_0888-CONA07327C70009H-3.webp',	56,	NULL,	'2024-09-15 21:17:56',	'2024-09-15 21:17:56'),
(152,	'images/sepatu/1726460276_0888-CONA07327C70009H-2.webp',	56,	NULL,	'2024-09-15 21:17:56',	'2024-09-15 21:17:56'),
(153,	'images/sepatu/1727408079_0888-NEWM1000TP00511H-4.jpg',	57,	NULL,	'2024-09-26 20:34:39',	'2024-09-26 20:34:39'),
(154,	'images/sepatu/1727408079_0888-NEWM1000TP00511H-3.jpg',	57,	NULL,	'2024-09-26 20:34:39',	'2024-09-26 20:34:39'),
(155,	'images/sepatu/1727408079_0888-NEWM1000TP00511H-2.jpg',	57,	NULL,	'2024-09-26 20:34:40',	'2024-09-26 20:34:40'),
(156,	'images/sepatu/1727408080_0888-NEWM1000TP00511H-1.jpg',	57,	NULL,	'2024-09-26 20:34:40',	'2024-09-26 20:34:40');

DROP TABLE IF EXISTS `sessions`;
CREATE TABLE `sessions` (
  `id` varchar(255) COLLATE utf8mb4_unicode_ci NOT NULL,
  `user_id` bigint(20) unsigned DEFAULT NULL,
  `ip_address` varchar(45) COLLATE utf8mb4_unicode_ci DEFAULT NULL,
  `user_agent` text COLLATE utf8mb4_unicode_ci,
  `payload` longtext COLLATE utf8mb4_unicode_ci NOT NULL,
  `last_activity` int(11) NOT NULL,
  PRIMARY KEY (`id`),
  KEY `sessions_user_id_index` (`user_id`),
  KEY `sessions_last_activity_index` (`last_activity`)
) ENGINE=InnoDB DEFAULT CHARSET=utf8mb4 COLLATE=utf8mb4_unicode_ci;

INSERT INTO `sessions` (`id`, `user_id`, `ip_address`, `user_agent`, `payload`, `last_activity`) VALUES
('EPUUYjELFLnADsEbxdZ3KCw4g5aue8dUTcIwgOA0',	NULL,	'127.0.0.1',	'Mozilla/5.0 (Windows NT 10.0; Win64; x64) AppleWebKit/537.36 (KHTML, like Gecko) Chrome/129.0.0.0 Safari/537.36',	'YTozOntzOjY6Il90b2tlbiI7czo0MDoicHpLNmNua25xVVppS0NHdm5mTWk1VWRkbW9SRDZ0SzBOcnVOaUxKNiI7czo2OiJfZmxhc2giO2E6Mjp7czozOiJvbGQiO2E6MDp7fXM6MzoibmV3IjthOjA6e319czo5OiJfcHJldmlvdXMiO2E6MTp7czozOiJ1cmwiO3M6NDA6Imh0dHA6Ly9zZXBhdHUtc3RvcmUudGVzdC9wZWxhbmdnYW4vbG9naW4iO319',	1728058512);

DROP TABLE IF EXISTS `sizes`;
CREATE TABLE `sizes` (
  `id` bigint(20) unsigned NOT NULL AUTO_INCREMENT,
  `ukuran` varchar(255) COLLATE utf8mb4_unicode_ci NOT NULL,
  `sepatu_id` bigint(20) unsigned NOT NULL,
  `deleted_at` timestamp NULL DEFAULT NULL,
  `created_at` timestamp NULL DEFAULT NULL,
  `updated_at` timestamp NULL DEFAULT NULL,
  PRIMARY KEY (`id`),
  KEY `sizes_sepatu_id_foreign` (`sepatu_id`),
  CONSTRAINT `sizes_sepatu_id_foreign` FOREIGN KEY (`sepatu_id`) REFERENCES `sepatus` (`id`)
) ENGINE=InnoDB DEFAULT CHARSET=utf8mb4 COLLATE=utf8mb4_unicode_ci;

INSERT INTO `sizes` (`id`, `ukuran`, `sepatu_id`, `deleted_at`, `created_at`, `updated_at`) VALUES
(170,	'39',	27,	NULL,	'2024-09-14 07:16:25',	'2024-09-14 07:16:25'),
(171,	'40',	27,	NULL,	'2024-09-14 07:16:25',	'2024-09-14 07:16:25'),
(172,	'41',	27,	NULL,	'2024-09-14 07:16:25',	'2024-09-14 07:16:25'),
(173,	'42',	27,	NULL,	'2024-09-14 07:16:25',	'2024-09-14 07:16:25'),
(174,	'38',	28,	NULL,	'2024-09-14 07:21:33',	'2024-09-14 07:21:33'),
(175,	'39',	28,	NULL,	'2024-09-14 07:21:33',	'2024-09-14 07:21:33'),
(176,	'40',	28,	NULL,	'2024-09-14 07:21:33',	'2024-09-14 07:21:33'),
(177,	'41',	28,	NULL,	'2024-09-14 07:21:33',	'2024-09-14 07:21:33'),
(178,	'38',	29,	NULL,	'2024-09-14 07:24:20',	'2024-09-14 07:24:20'),
(179,	'39',	29,	NULL,	'2024-09-14 07:24:20',	'2024-09-14 07:24:20'),
(180,	'40',	29,	NULL,	'2024-09-14 07:24:20',	'2024-09-14 07:24:20'),
(181,	'41',	29,	NULL,	'2024-09-14 07:24:20',	'2024-09-14 07:24:20'),
(182,	'38',	30,	NULL,	'2024-09-14 07:26:27',	'2024-09-14 07:26:27'),
(183,	'39',	30,	NULL,	'2024-09-14 07:26:27',	'2024-09-14 07:26:27'),
(184,	'40',	30,	NULL,	'2024-09-14 07:26:27',	'2024-09-14 07:26:27'),
(185,	'41',	30,	NULL,	'2024-09-14 07:26:27',	'2024-09-14 07:26:27'),
(186,	'38',	31,	NULL,	'2024-09-14 07:29:26',	'2024-09-14 07:29:26'),
(187,	'39',	31,	NULL,	'2024-09-14 07:29:26',	'2024-09-14 07:29:26'),
(188,	'40',	31,	NULL,	'2024-09-14 07:29:26',	'2024-09-14 07:29:26'),
(189,	'41',	31,	NULL,	'2024-09-14 07:29:26',	'2024-09-14 07:29:26'),
(190,	'38',	32,	NULL,	'2024-09-14 07:32:15',	'2024-09-14 07:32:15'),
(191,	'39',	32,	NULL,	'2024-09-14 07:32:15',	'2024-09-14 07:32:15'),
(192,	'40',	32,	NULL,	'2024-09-14 07:32:15',	'2024-09-14 07:32:15'),
(193,	'41',	32,	NULL,	'2024-09-14 07:32:15',	'2024-09-14 07:32:15'),
(194,	'38',	33,	NULL,	'2024-09-14 07:36:36',	'2024-09-14 07:36:36'),
(195,	'39',	33,	NULL,	'2024-09-14 07:36:36',	'2024-09-14 07:36:36'),
(196,	'40',	33,	NULL,	'2024-09-14 07:36:36',	'2024-09-14 07:36:36'),
(197,	'41',	33,	NULL,	'2024-09-14 07:36:36',	'2024-09-14 07:36:36'),
(198,	'38',	35,	NULL,	'2024-09-14 07:40:31',	'2024-09-14 07:40:31'),
(199,	'39',	35,	NULL,	'2024-09-14 07:40:31',	'2024-09-14 07:40:31'),
(200,	'40',	35,	NULL,	'2024-09-14 07:40:31',	'2024-09-14 07:40:31'),
(201,	'41',	35,	NULL,	'2024-09-14 07:40:31',	'2024-09-14 07:40:31'),
(202,	'38',	36,	NULL,	'2024-09-14 07:42:56',	'2024-09-14 07:42:56'),
(203,	'39',	36,	NULL,	'2024-09-14 07:42:56',	'2024-09-14 07:42:56'),
(204,	'40',	36,	NULL,	'2024-09-14 07:42:56',	'2024-09-14 07:42:56'),
(205,	'41',	36,	NULL,	'2024-09-14 07:42:56',	'2024-09-14 07:42:56'),
(206,	'38',	37,	NULL,	'2024-09-14 07:45:02',	'2024-09-14 07:45:02'),
(207,	'39',	37,	NULL,	'2024-09-14 07:45:02',	'2024-09-14 07:45:02'),
(208,	'40',	37,	NULL,	'2024-09-14 07:45:02',	'2024-09-14 07:45:02'),
(209,	'41',	37,	NULL,	'2024-09-14 07:45:02',	'2024-09-14 07:45:02'),
(210,	'38',	38,	NULL,	'2024-09-14 07:46:48',	'2024-09-14 07:46:48'),
(211,	'39',	38,	NULL,	'2024-09-14 07:46:48',	'2024-09-14 07:46:48'),
(212,	'40',	38,	NULL,	'2024-09-14 07:46:48',	'2024-09-14 07:46:48'),
(213,	'41',	38,	NULL,	'2024-09-14 07:46:48',	'2024-09-14 07:46:48'),
(214,	'38',	39,	NULL,	'2024-09-14 07:48:13',	'2024-09-14 07:48:13'),
(215,	'39',	39,	NULL,	'2024-09-14 07:48:13',	'2024-09-14 07:48:13'),
(216,	'40',	39,	NULL,	'2024-09-14 07:48:13',	'2024-09-14 07:48:13'),
(217,	'41',	39,	NULL,	'2024-09-14 07:48:13',	'2024-09-14 07:48:13'),
(218,	'38',	40,	NULL,	'2024-09-15 09:00:24',	'2024-09-15 09:00:24'),
(220,	'40',	40,	NULL,	'2024-09-15 09:00:24',	'2024-09-15 09:00:24'),
(221,	'41',	40,	NULL,	'2024-09-15 09:00:24',	'2024-09-15 09:00:24'),
(222,	'38',	41,	NULL,	'2024-09-15 09:04:21',	'2024-09-15 09:04:21'),
(223,	'39',	41,	NULL,	'2024-09-15 09:04:21',	'2024-09-15 09:04:21'),
(224,	'40',	41,	NULL,	'2024-09-15 09:04:21',	'2024-09-15 09:04:21'),
(225,	'41',	41,	NULL,	'2024-09-15 09:04:21',	'2024-09-15 09:04:21'),
(226,	'38',	42,	NULL,	'2024-09-15 09:05:50',	'2024-09-15 09:05:50'),
(227,	'39',	42,	NULL,	'2024-09-15 09:05:50',	'2024-09-15 09:05:50'),
(228,	'40',	42,	NULL,	'2024-09-15 09:05:50',	'2024-09-15 09:05:50'),
(229,	'41',	42,	NULL,	'2024-09-15 09:05:50',	'2024-09-15 09:05:50'),
(230,	'38',	43,	NULL,	'2024-09-15 09:07:16',	'2024-09-15 09:07:16'),
(231,	'39',	43,	NULL,	'2024-09-15 09:07:16',	'2024-09-15 09:07:16'),
(232,	'40',	43,	NULL,	'2024-09-15 09:07:16',	'2024-09-15 09:07:16'),
(233,	'41',	43,	NULL,	'2024-09-15 09:07:17',	'2024-09-15 09:07:17'),
(234,	'38',	44,	NULL,	'2024-09-15 09:09:46',	'2024-09-15 09:09:46'),
(235,	'39',	44,	NULL,	'2024-09-15 09:09:46',	'2024-09-15 09:09:46'),
(236,	'40',	44,	NULL,	'2024-09-15 09:09:46',	'2024-09-15 09:09:46'),
(237,	'41',	44,	NULL,	'2024-09-15 09:09:46',	'2024-09-15 09:09:46'),
(238,	'38',	45,	NULL,	'2024-09-15 09:11:38',	'2024-09-15 09:11:38'),
(239,	'39',	45,	NULL,	'2024-09-15 09:11:38',	'2024-09-15 09:11:38'),
(240,	'40',	45,	NULL,	'2024-09-15 09:11:38',	'2024-09-15 09:11:38'),
(241,	'41',	45,	NULL,	'2024-09-15 09:11:38',	'2024-09-15 09:11:38'),
(242,	'38',	46,	NULL,	'2024-09-15 19:46:20',	'2024-09-15 19:46:20'),
(243,	'39',	46,	NULL,	'2024-09-15 19:46:20',	'2024-09-15 19:46:20'),
(244,	'40',	46,	NULL,	'2024-09-15 19:46:20',	'2024-09-15 19:46:20'),
(245,	'41',	46,	NULL,	'2024-09-15 19:46:20',	'2024-09-15 19:46:20'),
(246,	'38',	47,	NULL,	'2024-09-15 19:48:07',	'2024-09-15 19:48:07'),
(247,	'39',	47,	NULL,	'2024-09-15 19:48:07',	'2024-09-15 19:48:07'),
(248,	'40',	47,	NULL,	'2024-09-15 19:48:07',	'2024-09-15 19:48:07'),
(249,	'41',	47,	NULL,	'2024-09-15 19:48:07',	'2024-09-15 19:48:07'),
(250,	'38',	48,	NULL,	'2024-09-15 21:00:19',	'2024-09-15 21:00:19'),
(251,	'39',	48,	NULL,	'2024-09-15 21:00:19',	'2024-09-15 21:00:19'),
(252,	'40',	48,	NULL,	'2024-09-15 21:00:19',	'2024-09-15 21:00:19'),
(253,	'41',	48,	NULL,	'2024-09-15 21:00:19',	'2024-09-15 21:00:19'),
(254,	'38',	49,	NULL,	'2024-09-15 21:02:22',	'2024-09-15 21:02:22'),
(255,	'39',	49,	NULL,	'2024-09-15 21:02:22',	'2024-09-15 21:02:22'),
(256,	'40',	49,	NULL,	'2024-09-15 21:02:22',	'2024-09-15 21:02:22'),
(257,	'41',	49,	NULL,	'2024-09-15 21:02:22',	'2024-09-15 21:02:22'),
(258,	'38',	50,	NULL,	'2024-09-15 21:03:57',	'2024-09-15 21:03:57'),
(259,	'39',	50,	NULL,	'2024-09-15 21:03:57',	'2024-09-15 21:03:57'),
(260,	'40',	50,	NULL,	'2024-09-15 21:03:57',	'2024-09-15 21:03:57'),
(261,	'41',	50,	NULL,	'2024-09-15 21:03:57',	'2024-09-15 21:03:57'),
(262,	'38',	51,	NULL,	'2024-09-15 21:05:34',	'2024-09-15 21:05:34'),
(263,	'39',	51,	NULL,	'2024-09-15 21:05:34',	'2024-09-15 21:05:34'),
(264,	'40',	51,	NULL,	'2024-09-15 21:05:34',	'2024-09-15 21:05:34'),
(265,	'41',	51,	NULL,	'2024-09-15 21:05:34',	'2024-09-15 21:05:34'),
(266,	'38',	52,	NULL,	'2024-09-15 21:11:43',	'2024-09-15 21:11:43'),
(267,	'39',	52,	NULL,	'2024-09-15 21:11:43',	'2024-09-15 21:11:43'),
(268,	'40',	52,	NULL,	'2024-09-15 21:11:43',	'2024-09-15 21:11:43'),
(269,	'41',	52,	NULL,	'2024-09-15 21:11:43',	'2024-09-15 21:11:43'),
(270,	'38',	53,	NULL,	'2024-09-15 21:14:29',	'2024-09-15 21:14:29'),
(271,	'39',	53,	NULL,	'2024-09-15 21:14:29',	'2024-09-15 21:14:29'),
(272,	'40',	53,	NULL,	'2024-09-15 21:14:29',	'2024-09-15 21:14:29'),
(273,	'41',	53,	NULL,	'2024-09-15 21:14:29',	'2024-09-15 21:14:29'),
(274,	'38',	54,	NULL,	'2024-09-15 21:16:03',	'2024-09-15 21:16:03'),
(275,	'39',	54,	NULL,	'2024-09-15 21:16:03',	'2024-09-15 21:16:03'),
(276,	'40',	54,	NULL,	'2024-09-15 21:16:03',	'2024-09-15 21:16:03'),
(277,	'41',	54,	NULL,	'2024-09-15 21:16:03',	'2024-09-15 21:16:03'),
(278,	'38',	56,	NULL,	'2024-09-15 21:17:56',	'2024-09-15 21:17:56'),
(279,	'39',	56,	NULL,	'2024-09-15 21:17:56',	'2024-09-15 21:17:56'),
(280,	'40',	56,	NULL,	'2024-09-15 21:17:56',	'2024-09-15 21:17:56'),
(281,	'41',	56,	NULL,	'2024-09-15 21:17:56',	'2024-09-15 21:17:56'),
(282,	'38',	57,	NULL,	'2024-09-26 20:34:40',	'2024-09-26 20:34:40'),
(283,	'39',	57,	NULL,	'2024-09-26 20:34:40',	'2024-09-26 20:34:40'),
(284,	'40',	57,	NULL,	'2024-09-26 20:34:40',	'2024-09-26 20:34:40'),
(285,	'41',	57,	NULL,	'2024-09-26 20:34:40',	'2024-09-26 20:34:40');

DROP TABLE IF EXISTS `tims`;
CREATE TABLE `tims` (
  `id` bigint(20) unsigned NOT NULL AUTO_INCREMENT,
  `nama` varchar(255) COLLATE utf8mb4_unicode_ci NOT NULL,
  `jabatan` varchar(255) COLLATE utf8mb4_unicode_ci NOT NULL,
  `foto` varchar(255) COLLATE utf8mb4_unicode_ci NOT NULL,
  `motivasi` text COLLATE utf8mb4_unicode_ci NOT NULL,
  `deleted_at` timestamp NULL DEFAULT NULL,
  `created_at` timestamp NULL DEFAULT NULL,
  `updated_at` timestamp NULL DEFAULT NULL,
  PRIMARY KEY (`id`)
) ENGINE=InnoDB DEFAULT CHARSET=utf8mb4 COLLATE=utf8mb4_unicode_ci;

INSERT INTO `tims` (`id`, `nama`, `jabatan`, `foto`, `motivasi`, `deleted_at`, `created_at`, `updated_at`) VALUES
(1,	'surya',	'BOS',	'aa',	'',	'2024-09-11 00:05:39',	'2024-09-10 22:19:46',	'2024-09-11 00:05:39'),
(2,	'dara',	'aa',	'aa',	'',	'2024-09-11 00:05:30',	'2024-09-10 23:22:47',	'2024-09-11 00:05:30'),
(3,	'dara',	'BOS',	'images/tim/1726038065_Aguero.jpg',	'',	'2024-09-11 00:05:23',	'2024-09-11 00:01:05',	'2024-09-11 00:05:23'),
(4,	'Surya Sahputra',	'Manager',	'images/tim/1726040197_SURYA SAHPUTRA.jpg',	'Langkah Pasti, Gaya Terdepan! Temukan koleksi sepatu terbaru di Steady Stride dan ciptakan jejakmu denganpercayadiri',	NULL,	'2024-09-11 00:11:52',	'2024-09-11 22:18:20'),
(5,	'dara',	'aa',	'images/tim/1726108416_foto.jpeg',	'',	'2024-09-11 19:33:43',	'2024-09-11 19:33:36',	'2024-09-11 19:33:43'),
(6,	'Ronaldo',	'Pekerja',	'images/tim/1726115797_th (7).jpeg',	'Langkah Pasti, Gaya Terdepan! Temukan koleksi sepatu terbaru di Steady Stride dan ciptakan jejakmu denganpercayadiri',	NULL,	'2024-09-11 21:36:38',	'2024-09-11 22:18:14'),
(7,	'Gulit',	'Pekerja',	'images/tim/1726115857_th (9).jpeg',	'Langkah Pasti, Gaya Terdepan! Temukan koleksi sepatu terbaru di Steady Stride dan ciptakan jejakmu denganpercayadiri',	NULL,	'2024-09-11 21:37:37',	'2024-09-12 18:25:55');

DROP TABLE IF EXISTS `transaksis`;
CREATE TABLE `transaksis` (
  `id` bigint(20) unsigned NOT NULL AUTO_INCREMENT,
  `trx_id` varchar(255) COLLATE utf8mb4_unicode_ci NOT NULL,
  `proof` varchar(255) COLLATE utf8mb4_unicode_ci DEFAULT NULL,
  `total_sepatu` bigint(20) unsigned NOT NULL,
  `total_harga` bigint(20) unsigned NOT NULL,
  `status` varchar(255) COLLATE utf8mb4_unicode_ci DEFAULT NULL,
  `sepatu_id` bigint(20) unsigned NOT NULL,
  `user_id` bigint(20) unsigned NOT NULL,
  `deleted_at` timestamp NULL DEFAULT NULL,
  `created_at` timestamp NULL DEFAULT NULL,
  `updated_at` timestamp NULL DEFAULT NULL,
  `size_id` bigint(20) unsigned NOT NULL,
  `voucher_id` bigint(20) unsigned DEFAULT NULL,
  `ongkir` varchar(255) CHARACTER SET utf8mb4 DEFAULT NULL,
  PRIMARY KEY (`id`),
  KEY `sepatu_id` (`sepatu_id`),
  KEY `size_id` (`size_id`),
  KEY `user_id` (`user_id`),
  CONSTRAINT `transaksis_ibfk_1` FOREIGN KEY (`sepatu_id`) REFERENCES `sepatus` (`id`) ON DELETE CASCADE ON UPDATE CASCADE,
  CONSTRAINT `transaksis_ibfk_2` FOREIGN KEY (`size_id`) REFERENCES `sizes` (`id`) ON DELETE CASCADE ON UPDATE CASCADE,
  CONSTRAINT `transaksis_ibfk_3` FOREIGN KEY (`user_id`) REFERENCES `users` (`id`) ON DELETE CASCADE ON UPDATE CASCADE
) ENGINE=InnoDB DEFAULT CHARSET=utf8mb4 COLLATE=utf8mb4_unicode_ci;

INSERT INTO `transaksis` (`id`, `trx_id`, `proof`, `total_sepatu`, `total_harga`, `status`, `sepatu_id`, `user_id`, `deleted_at`, `created_at`, `updated_at`, `size_id`, `voucher_id`, `ongkir`) VALUES
(54,	'TRX87f282024',	'images/proof/1727975504_th (23).jpeg',	1,	1704000,	'1',	28,	13,	NULL,	'2024-10-03 10:11:30',	'2024-10-03 10:11:44',	174,	4,	'70000');

DROP TABLE IF EXISTS `users`;
CREATE TABLE `users` (
  `id` bigint(20) unsigned NOT NULL AUTO_INCREMENT,
  `name` varchar(255) COLLATE utf8mb4_unicode_ci NOT NULL,
  `email` varchar(255) COLLATE utf8mb4_unicode_ci NOT NULL,
  `email_verified_at` timestamp NULL DEFAULT NULL,
  `foto` varchar(255) COLLATE utf8mb4_unicode_ci DEFAULT NULL,
  `hp` varchar(255) COLLATE utf8mb4_unicode_ci DEFAULT NULL,
  `alamat` text COLLATE utf8mb4_unicode_ci,
  `status` varchar(255) COLLATE utf8mb4_unicode_ci DEFAULT NULL,
  `password` varchar(255) COLLATE utf8mb4_unicode_ci NOT NULL,
  `remember_token` varchar(100) COLLATE utf8mb4_unicode_ci DEFAULT NULL,
  `created_at` timestamp NULL DEFAULT NULL,
  `updated_at` timestamp NULL DEFAULT NULL,
  `province_id` int(10) unsigned DEFAULT NULL,
  `city_id` int(10) unsigned DEFAULT NULL,
  PRIMARY KEY (`id`),
  UNIQUE KEY `users_email_unique` (`email`)
) ENGINE=InnoDB DEFAULT CHARSET=utf8mb4 COLLATE=utf8mb4_unicode_ci;

INSERT INTO `users` (`id`, `name`, `email`, `email_verified_at`, `foto`, `hp`, `alamat`, `status`, `password`, `remember_token`, `created_at`, `updated_at`, `province_id`, `city_id`) VALUES
(12,	'admintoko',	'admintoko@gmail.com',	NULL,	'images/user/1728052274_foto.jpeg',	'083182718860',	NULL,	NULL,	'$2y$12$pNYdZSvGvR3yTIH5b8GcNeiNebp.8grZq00RhV9zRwvK3q50mym4m',	NULL,	'2024-10-03 01:30:49',	'2024-10-04 07:31:14',	NULL,	NULL),
(13,	'dara aaaa',	'masyarakat@gmail.com',	NULL,	'images/user/1727975169_th (23).jpeg',	'083182718860',	'jl.kemayoran no 9',	NULL,	'$2y$12$/D1jeJlY9IJT8rYgvWdhcOZZUEGDRGD.hTvSzTx9xSjcOwsSMWy22',	NULL,	'2024-10-03 01:30:49',	'2024-10-03 10:06:10',	32,	440),
(14,	'pelanggan',	'pelanggan@gmail.com',	NULL,	'images/user/1727979816_th (22).jpeg',	'083182718860',	'jl.kemayoran no 9',	NULL,	'$2y$12$O1Xa.kyRAyjxdXFoqHznteFaBLMglAh3kZ2WGOYoVMtQ6.UQ7iYs.',	NULL,	'2024-10-03 11:23:36',	'2024-10-03 11:23:36',	32,	440);

DROP TABLE IF EXISTS `vouchers`;
CREATE TABLE `vouchers` (
  `id` bigint(20) unsigned NOT NULL AUTO_INCREMENT,
  `kode` varchar(255) COLLATE utf8mb4_unicode_ci NOT NULL,
  `harga` varchar(255) COLLATE utf8mb4_unicode_ci NOT NULL,
  `deleted_at` timestamp NULL DEFAULT NULL,
  `created_at` timestamp NULL DEFAULT NULL,
  `updated_at` timestamp NULL DEFAULT NULL,
  PRIMARY KEY (`id`)
) ENGINE=InnoDB DEFAULT CHARSET=utf8mb4 COLLATE=utf8mb4_unicode_ci;

INSERT INTO `vouchers` (`id`, `kode`, `harga`, `deleted_at`, `created_at`, `updated_at`) VALUES
(2,	'OKE2024',	'20000',	NULL,	'2024-09-20 01:07:47',	'2024-09-20 01:07:47'),
(3,	'Mantap',	'75000',	NULL,	'2024-09-26 07:22:54',	'2024-09-26 07:22:54'),
(4,	'okeoke',	'95000',	NULL,	'2024-09-26 20:35:19',	'2024-09-26 20:35:19');

-- 2024-10-04 16:44:20
